solid OpenSCAD_Model
  facet normal 0.989174 0.146746 0
    outer loop
      vertex -6.20722 54.447 63
      vertex -6.22882 54.5926 60
      vertex -6.22882 54.5926 63
    endloop
  endfacet
  facet normal 0.989174 0.146746 0
    outer loop
      vertex -6.22882 54.5926 60
      vertex -6.20722 54.447 63
      vertex -6.20722 54.447 60
    endloop
  endfacet
  facet normal 0.998796 0.0490565 0
    outer loop
      vertex -6.2 54.3 63
      vertex -6.20722 54.447 60
      vertex -6.20722 54.447 63
    endloop
  endfacet
  facet normal 0.998796 0.0490565 0
    outer loop
      vertex -6.20722 54.447 60
      vertex -6.2 54.3 63
      vertex -6.2 54.3 60
    endloop
  endfacet
  facet normal 0.970031 0.242983 0
    outer loop
      vertex -6.22882 54.5926 63
      vertex -6.26459 54.7354 60
      vertex -6.26459 54.7354 63
    endloop
  endfacet
  facet normal 0.970031 0.242983 0
    outer loop
      vertex -6.26459 54.7354 60
      vertex -6.22882 54.5926 63
      vertex -6.22882 54.5926 60
    endloop
  endfacet
  facet normal -0.989174 -0.146746 0
    outer loop
      vertex -9.17118 54.0074 55
      vertex -9.19278 54.153 63
      vertex -9.19278 54.153 55
    endloop
  endfacet
  facet normal -0.989174 -0.146746 0
    outer loop
      vertex -9.19278 54.153 63
      vertex -9.17118 54.0074 55
      vertex -9.17118 54.0074 63
    endloop
  endfacet
  facet normal -0.741027 0.671475 0
    outer loop
      vertex -8.85952 55.2516 55
      vertex -8.76066 55.3607 63
      vertex -8.76066 55.3607 55
    endloop
  endfacet
  facet normal -0.741027 0.671475 0
    outer loop
      vertex -8.76066 55.3607 63
      vertex -8.85952 55.2516 55
      vertex -8.85952 55.2516 63
    endloop
  endfacet
  facet normal 0.243191 0.969978 -0
    outer loop
      vertex -7.26457 55.7354 60
      vertex -7.40736 55.7712 63
      vertex -7.26457 55.7354 63
    endloop
  endfacet
  facet normal 0.243191 0.969978 0
    outer loop
      vertex -7.40736 55.7712 63
      vertex -7.26457 55.7354 60
      vertex -7.40736 55.7712 60
    endloop
  endfacet
  facet normal 0.427347 -0.904088 0
    outer loop
      vertex -7.12597 52.9142 60
      vertex -6.9929 52.9771 63
      vertex -7.12597 52.9142 63
    endloop
  endfacet
  facet normal 0.427347 -0.904088 0
    outer loop
      vertex -6.9929 52.9771 63
      vertex -7.12597 52.9142 60
      vertex -6.9929 52.9771 60
    endloop
  endfacet
  facet normal 0.989174 -0.146746 0
    outer loop
      vertex -6.22882 54.0074 63
      vertex -6.20722 54.153 60
      vertex -6.20722 54.153 63
    endloop
  endfacet
  facet normal 0.989174 -0.146746 0
    outer loop
      vertex -6.20722 54.153 60
      vertex -6.22882 54.0074 63
      vertex -6.22882 54.0074 60
    endloop
  endfacet
  facet normal -0.90402 -0.427491 0
    outer loop
      vertex -9.02288 53.5929 55
      vertex -9.08582 53.726 63
      vertex -9.08582 53.726 55
    endloop
  endfacet
  facet normal -0.90402 -0.427491 0
    outer loop
      vertex -9.08582 53.726 63
      vertex -9.02288 53.5929 55
      vertex -9.02288 53.5929 63
    endloop
  endfacet
  facet normal 0.048911 -0.998803 0
    outer loop
      vertex -7.7 52.8 60
      vertex -7.55297 52.8072 63
      vertex -7.7 52.8 63
    endloop
  endfacet
  facet normal 0.048911 -0.998803 0
    outer loop
      vertex -7.55297 52.8072 63
      vertex -7.7 52.8 60
      vertex -7.55297 52.8072 60
    endloop
  endfacet
  facet normal 0.514216 -0.857661 0
    outer loop
      vertex -6.9929 52.9771 60
      vertex -6.86664 53.0528 63
      vertex -6.9929 52.9771 63
    endloop
  endfacet
  facet normal 0.514216 -0.857661 0
    outer loop
      vertex -6.86664 53.0528 63
      vertex -6.9929 52.9771 60
      vertex -6.86664 53.0528 60
    endloop
  endfacet
  facet normal 0.90402 0.427491 0
    outer loop
      vertex -6.31418 54.874 63
      vertex -6.37712 55.0071 60
      vertex -6.37712 55.0071 63
    endloop
  endfacet
  facet normal 0.90402 0.427491 0
    outer loop
      vertex -6.37712 55.0071 60
      vertex -6.31418 54.874 63
      vertex -6.31418 54.874 60
    endloop
  endfacet
  facet normal 0.941548 -0.336879 0
    outer loop
      vertex -6.31418 53.726 63
      vertex -6.26459 53.8646 60
      vertex -6.26459 53.8646 63
    endloop
  endfacet
  facet normal 0.941548 -0.336879 0
    outer loop
      vertex -6.26459 53.8646 60
      vertex -6.31418 53.726 63
      vertex -6.31418 53.726 60
    endloop
  endfacet
  facet normal -0.970031 0.242983 0
    outer loop
      vertex -9.17118 54.5926 55
      vertex -9.13541 54.7354 63
      vertex -9.13541 54.7354 55
    endloop
  endfacet
  facet normal -0.970031 0.242983 0
    outer loop
      vertex -9.13541 54.7354 63
      vertex -9.17118 54.5926 55
      vertex -9.17118 54.5926 63
    endloop
  endfacet
  facet normal 0.595764 0.80316 -0
    outer loop
      vertex -6.74841 55.4595 60
      vertex -6.86664 55.5472 63
      vertex -6.74841 55.4595 63
    endloop
  endfacet
  facet normal 0.595764 0.80316 0
    outer loop
      vertex -6.86664 55.5472 63
      vertex -6.74841 55.4595 60
      vertex -6.86664 55.5472 60
    endloop
  endfacet
  facet normal -0.671353 -0.741138 -1.19253e-05
    outer loop
      vertex -8.76066 53.2393 63
      vertex -8.7 53.1844 60
      vertex -8.65159 53.1405 63
    endloop
  endfacet
  facet normal -0.671029 -0.741432 0
    outer loop
      vertex -8.76066 53.2393 55
      vertex -8.7 53.1844 60
      vertex -8.76066 53.2393 63
    endloop
  endfacet
  facet normal -0.671029 -0.741432 -0
    outer loop
      vertex -8.7 53.1844 60
      vertex -8.76066 53.2393 55
      vertex -8.7 53.1844 55
    endloop
  endfacet
  facet normal -0.671758 -0.74077 -0
    outer loop
      vertex -8.65159 53.1405 63
      vertex -8.7 53.1844 60
      vertex -8.65159 53.1405 60
    endloop
  endfacet
  facet normal -0.243175 -0.969982 0
    outer loop
      vertex -8.13543 52.8646 60
      vertex -7.99263 52.8288 63
      vertex -8.13543 52.8646 63
    endloop
  endfacet
  facet normal -0.243175 -0.969982 -0
    outer loop
      vertex -7.99263 52.8288 63
      vertex -8.13543 52.8646 60
      vertex -7.99263 52.8288 60
    endloop
  endfacet
  facet normal -0.671758 0.74077 0
    outer loop
      vertex -8.7 55.4156 60
      vertex -8.65159 55.4595 63
      vertex -8.65159 55.4595 60
    endloop
  endfacet
  facet normal -0.671353 0.741138 -1.19253e-05
    outer loop
      vertex -8.65159 55.4595 63
      vertex -8.7 55.4156 60
      vertex -8.76066 55.3607 63
    endloop
  endfacet
  facet normal -0.671029 0.741432 0
    outer loop
      vertex -8.76066 55.3607 55
      vertex -8.7 55.4156 60
      vertex -8.7 55.4156 55
    endloop
  endfacet
  facet normal -0.671029 0.741432 0
    outer loop
      vertex -8.7 55.4156 60
      vertex -8.76066 55.3607 55
      vertex -8.76066 55.3607 63
    endloop
  endfacet
  facet normal -0.970031 -0.242983 0
    outer loop
      vertex -9.13541 53.8646 55
      vertex -9.17118 54.0074 63
      vertex -9.17118 54.0074 55
    endloop
  endfacet
  facet normal -0.970031 -0.242983 0
    outer loop
      vertex -9.17118 54.0074 63
      vertex -9.13541 53.8646 55
      vertex -9.13541 53.8646 63
    endloop
  endfacet
  facet normal 0.803153 0.595773 0
    outer loop
      vertex -6.4528 55.1334 63
      vertex -6.54048 55.2516 60
      vertex -6.54048 55.2516 63
    endloop
  endfacet
  facet normal 0.803153 0.595773 0
    outer loop
      vertex -6.54048 55.2516 60
      vertex -6.4528 55.1334 63
      vertex -6.4528 55.1334 60
    endloop
  endfacet
  facet normal 0.941548 0.336879 0
    outer loop
      vertex -6.26459 54.7354 63
      vertex -6.31418 54.874 60
      vertex -6.31418 54.874 63
    endloop
  endfacet
  facet normal 0.941548 0.336879 0
    outer loop
      vertex -6.31418 54.874 60
      vertex -6.26459 54.7354 63
      vertex -6.26459 54.7354 60
    endloop
  endfacet
  facet normal 0.514216 0.857661 -0
    outer loop
      vertex -6.86664 55.5472 60
      vertex -6.9929 55.6229 63
      vertex -6.86664 55.5472 63
    endloop
  endfacet
  facet normal 0.514216 0.857661 0
    outer loop
      vertex -6.9929 55.6229 63
      vertex -6.86664 55.5472 60
      vertex -6.9929 55.6229 60
    endloop
  endfacet
  facet normal -0.514216 0.857661 0
    outer loop
      vertex -8.40709 55.6229 60
      vertex -8.53335 55.5472 63
      vertex -8.40709 55.6229 63
    endloop
  endfacet
  facet normal -0.514216 0.857661 0
    outer loop
      vertex -8.53335 55.5472 63
      vertex -8.40709 55.6229 60
      vertex -8.53335 55.5472 60
    endloop
  endfacet
  facet normal 0.998796 -0.0490565 0
    outer loop
      vertex -6.20722 54.153 63
      vertex -6.2 54.3 60
      vertex -6.2 54.3 63
    endloop
  endfacet
  facet normal 0.998796 -0.0490565 0
    outer loop
      vertex -6.2 54.3 60
      vertex -6.20722 54.153 63
      vertex -6.20722 54.153 60
    endloop
  endfacet
  facet normal -0.146736 0.989176 0
    outer loop
      vertex -7.84702 55.7928 60
      vertex -7.99263 55.7712 63
      vertex -7.84702 55.7928 63
    endloop
  endfacet
  facet normal -0.146736 0.989176 0
    outer loop
      vertex -7.99263 55.7712 63
      vertex -7.84702 55.7928 60
      vertex -7.99263 55.7712 60
    endloop
  endfacet
  facet normal 0.857792 -0.513996 0
    outer loop
      vertex -6.4528 53.4666 63
      vertex -6.37712 53.5929 60
      vertex -6.37712 53.5929 63
    endloop
  endfacet
  facet normal 0.857792 -0.513996 0
    outer loop
      vertex -6.37712 53.5929 60
      vertex -6.4528 53.4666 63
      vertex -6.4528 53.4666 60
    endloop
  endfacet
  facet normal -0.803153 0.595773 0
    outer loop
      vertex -8.9472 55.1334 55
      vertex -8.85952 55.2516 63
      vertex -8.85952 55.2516 55
    endloop
  endfacet
  facet normal -0.803153 0.595773 0
    outer loop
      vertex -8.85952 55.2516 63
      vertex -8.9472 55.1334 55
      vertex -8.9472 55.1334 63
    endloop
  endfacet
  facet normal -0.33696 0.941519 0
    outer loop
      vertex -8.13543 55.7354 60
      vertex -8.27402 55.6858 63
      vertex -8.13543 55.7354 63
    endloop
  endfacet
  facet normal -0.33696 0.941519 0
    outer loop
      vertex -8.27402 55.6858 63
      vertex -8.13543 55.7354 60
      vertex -8.27402 55.6858 60
    endloop
  endfacet
  facet normal -0.998796 -0.0490565 0
    outer loop
      vertex -9.19278 54.153 55
      vertex -9.2 54.3 63
      vertex -9.2 54.3 55
    endloop
  endfacet
  facet normal -0.998796 -0.0490565 0
    outer loop
      vertex -9.2 54.3 63
      vertex -9.19278 54.153 55
      vertex -9.19278 54.153 63
    endloop
  endfacet
  facet normal 0.146736 0.989176 -0
    outer loop
      vertex -7.40736 55.7712 60
      vertex -7.55297 55.7928 63
      vertex -7.40736 55.7712 63
    endloop
  endfacet
  facet normal 0.146736 0.989176 0
    outer loop
      vertex -7.55297 55.7928 63
      vertex -7.40736 55.7712 60
      vertex -7.55297 55.7928 60
    endloop
  endfacet
  facet normal -0.146736 -0.989176 0
    outer loop
      vertex -7.99263 52.8288 60
      vertex -7.84702 52.8072 63
      vertex -7.99263 52.8288 63
    endloop
  endfacet
  facet normal -0.146736 -0.989176 -0
    outer loop
      vertex -7.84702 52.8072 63
      vertex -7.99263 52.8288 60
      vertex -7.84702 52.8072 60
    endloop
  endfacet
  facet normal -0.427347 -0.904088 0
    outer loop
      vertex -8.40709 52.9771 60
      vertex -8.27402 52.9142 63
      vertex -8.40709 52.9771 63
    endloop
  endfacet
  facet normal -0.427347 -0.904088 -0
    outer loop
      vertex -8.27402 52.9142 63
      vertex -8.40709 52.9771 60
      vertex -8.27402 52.9142 60
    endloop
  endfacet
  facet normal 0.970031 -0.242983 0
    outer loop
      vertex -6.26459 53.8646 63
      vertex -6.22882 54.0074 60
      vertex -6.22882 54.0074 63
    endloop
  endfacet
  facet normal 0.970031 -0.242983 0
    outer loop
      vertex -6.22882 54.0074 60
      vertex -6.26459 53.8646 63
      vertex -6.26459 53.8646 60
    endloop
  endfacet
  facet normal -0.741027 -0.671475 0
    outer loop
      vertex -8.76066 53.2393 55
      vertex -8.85952 53.3484 63
      vertex -8.85952 53.3484 55
    endloop
  endfacet
  facet normal -0.741027 -0.671475 0
    outer loop
      vertex -8.85952 53.3484 63
      vertex -8.76066 53.2393 55
      vertex -8.76066 53.2393 63
    endloop
  endfacet
  facet normal 0.336939 0.941527 -0
    outer loop
      vertex -7.12597 55.6858 60
      vertex -7.26457 55.7354 63
      vertex -7.12597 55.6858 63
    endloop
  endfacet
  facet normal 0.336939 0.941527 0
    outer loop
      vertex -7.26457 55.7354 63
      vertex -7.12597 55.6858 60
      vertex -7.26457 55.7354 60
    endloop
  endfacet
  facet normal 0.146736 -0.989176 0
    outer loop
      vertex -7.55297 52.8072 60
      vertex -7.40736 52.8288 63
      vertex -7.55297 52.8072 63
    endloop
  endfacet
  facet normal 0.146736 -0.989176 0
    outer loop
      vertex -7.40736 52.8288 63
      vertex -7.55297 52.8072 60
      vertex -7.40736 52.8288 60
    endloop
  endfacet
  facet normal 0.741027 -0.671475 0
    outer loop
      vertex -6.63934 53.2393 63
      vertex -6.54048 53.3484 60
      vertex -6.54048 53.3484 63
    endloop
  endfacet
  facet normal 0.741027 -0.671475 0
    outer loop
      vertex -6.54048 53.3484 60
      vertex -6.63934 53.2393 63
      vertex -6.63934 53.2393 60
    endloop
  endfacet
  facet normal 0.803153 -0.595773 0
    outer loop
      vertex -6.54048 53.3484 63
      vertex -6.4528 53.4666 60
      vertex -6.4528 53.4666 63
    endloop
  endfacet
  facet normal 0.803153 -0.595773 0
    outer loop
      vertex -6.4528 53.4666 60
      vertex -6.54048 53.3484 63
      vertex -6.54048 53.3484 60
    endloop
  endfacet
  facet normal 0.90402 -0.427491 0
    outer loop
      vertex -6.37712 53.5929 63
      vertex -6.31418 53.726 60
      vertex -6.31418 53.726 63
    endloop
  endfacet
  facet normal 0.90402 -0.427491 0
    outer loop
      vertex -6.31418 53.726 60
      vertex -6.37712 53.5929 63
      vertex -6.37712 53.5929 60
    endloop
  endfacet
  facet normal 0.427347 0.904088 -0
    outer loop
      vertex -6.9929 55.6229 60
      vertex -7.12597 55.6858 63
      vertex -6.9929 55.6229 63
    endloop
  endfacet
  facet normal 0.427347 0.904088 0
    outer loop
      vertex -7.12597 55.6858 63
      vertex -6.9929 55.6229 60
      vertex -7.12597 55.6858 60
    endloop
  endfacet
  facet normal -0.595731 0.803184 0
    outer loop
      vertex -8.53335 55.5472 60
      vertex -8.65159 55.4595 63
      vertex -8.53335 55.5472 63
    endloop
  endfacet
  facet normal -0.595731 0.803184 0
    outer loop
      vertex -8.65159 55.4595 63
      vertex -8.53335 55.5472 60
      vertex -8.65159 55.4595 60
    endloop
  endfacet
  facet normal -0.427347 0.904088 0
    outer loop
      vertex -8.27402 55.6858 60
      vertex -8.40709 55.6229 63
      vertex -8.27402 55.6858 63
    endloop
  endfacet
  facet normal -0.427347 0.904088 0
    outer loop
      vertex -8.40709 55.6229 63
      vertex -8.27402 55.6858 60
      vertex -8.40709 55.6229 60
    endloop
  endfacet
  facet normal 0.857792 0.513996 0
    outer loop
      vertex -6.37712 55.0071 63
      vertex -6.4528 55.1334 60
      vertex -6.4528 55.1334 63
    endloop
  endfacet
  facet normal 0.857792 0.513996 0
    outer loop
      vertex -6.4528 55.1334 60
      vertex -6.37712 55.0071 63
      vertex -6.37712 55.0071 60
    endloop
  endfacet
  facet normal -0.0489143 0.998803 0
    outer loop
      vertex -7.7 55.8 60
      vertex -7.84702 55.7928 63
      vertex -7.7 55.8 63
    endloop
  endfacet
  facet normal -0.0489143 0.998803 0
    outer loop
      vertex -7.84702 55.7928 63
      vertex -7.7 55.8 60
      vertex -7.84702 55.7928 60
    endloop
  endfacet
  facet normal -0.941548 0.336879 0
    outer loop
      vertex -9.13541 54.7354 55
      vertex -9.08582 54.874 63
      vertex -9.08582 54.874 55
    endloop
  endfacet
  facet normal -0.941548 0.336879 0
    outer loop
      vertex -9.08582 54.874 63
      vertex -9.13541 54.7354 55
      vertex -9.13541 54.7354 63
    endloop
  endfacet
  facet normal 0.048911 0.998803 -0
    outer loop
      vertex -7.55297 55.7928 60
      vertex -7.7 55.8 63
      vertex -7.55297 55.7928 63
    endloop
  endfacet
  facet normal 0.048911 0.998803 0
    outer loop
      vertex -7.7 55.8 63
      vertex -7.55297 55.7928 60
      vertex -7.7 55.8 60
    endloop
  endfacet
  facet normal -0.514216 -0.857661 0
    outer loop
      vertex -8.53335 53.0528 60
      vertex -8.40709 52.9771 63
      vertex -8.53335 53.0528 63
    endloop
  endfacet
  facet normal -0.514216 -0.857661 -0
    outer loop
      vertex -8.40709 52.9771 63
      vertex -8.53335 53.0528 60
      vertex -8.40709 52.9771 60
    endloop
  endfacet
  facet normal -0.941548 -0.336879 0
    outer loop
      vertex -9.08582 53.726 55
      vertex -9.13541 53.8646 63
      vertex -9.13541 53.8646 55
    endloop
  endfacet
  facet normal -0.941548 -0.336879 0
    outer loop
      vertex -9.13541 53.8646 63
      vertex -9.08582 53.726 55
      vertex -9.08582 53.726 63
    endloop
  endfacet
  facet normal -0.857792 -0.513996 0
    outer loop
      vertex -8.9472 53.4666 55
      vertex -9.02288 53.5929 63
      vertex -9.02288 53.5929 55
    endloop
  endfacet
  facet normal -0.857792 -0.513996 0
    outer loop
      vertex -9.02288 53.5929 63
      vertex -8.9472 53.4666 55
      vertex -8.9472 53.4666 63
    endloop
  endfacet
  facet normal -0.243175 0.969982 0
    outer loop
      vertex -7.99263 55.7712 60
      vertex -8.13543 55.7354 63
      vertex -7.99263 55.7712 63
    endloop
  endfacet
  facet normal -0.243175 0.969982 0
    outer loop
      vertex -8.13543 55.7354 63
      vertex -7.99263 55.7712 60
      vertex -8.13543 55.7354 60
    endloop
  endfacet
  facet normal 0.741027 0.671475 0
    outer loop
      vertex -6.54048 55.2516 63
      vertex -6.63934 55.3607 60
      vertex -6.63934 55.3607 63
    endloop
  endfacet
  facet normal 0.741027 0.671475 0
    outer loop
      vertex -6.63934 55.3607 60
      vertex -6.54048 55.2516 63
      vertex -6.54048 55.2516 60
    endloop
  endfacet
  facet normal 0.595764 -0.80316 0
    outer loop
      vertex -6.86664 53.0528 60
      vertex -6.74841 53.1405 63
      vertex -6.86664 53.0528 63
    endloop
  endfacet
  facet normal 0.595764 -0.80316 0
    outer loop
      vertex -6.74841 53.1405 63
      vertex -6.86664 53.0528 60
      vertex -6.74841 53.1405 60
    endloop
  endfacet
  facet normal 0.336939 -0.941527 0
    outer loop
      vertex -7.26457 52.8646 60
      vertex -7.12597 52.9142 63
      vertex -7.26457 52.8646 63
    endloop
  endfacet
  facet normal 0.336939 -0.941527 0
    outer loop
      vertex -7.12597 52.9142 63
      vertex -7.26457 52.8646 60
      vertex -7.12597 52.9142 60
    endloop
  endfacet
  facet normal 0.243191 -0.969978 0
    outer loop
      vertex -7.40736 52.8288 60
      vertex -7.26457 52.8646 63
      vertex -7.40736 52.8288 63
    endloop
  endfacet
  facet normal 0.243191 -0.969978 0
    outer loop
      vertex -7.26457 52.8646 63
      vertex -7.40736 52.8288 60
      vertex -7.26457 52.8646 60
    endloop
  endfacet
  facet normal -0.90402 0.427491 0
    outer loop
      vertex -9.08582 54.874 55
      vertex -9.02288 55.0071 63
      vertex -9.02288 55.0071 55
    endloop
  endfacet
  facet normal -0.90402 0.427491 0
    outer loop
      vertex -9.02288 55.0071 63
      vertex -9.08582 54.874 55
      vertex -9.08582 54.874 63
    endloop
  endfacet
  facet normal -0.803153 -0.595773 0
    outer loop
      vertex -8.85952 53.3484 55
      vertex -8.9472 53.4666 63
      vertex -8.9472 53.4666 55
    endloop
  endfacet
  facet normal -0.803153 -0.595773 0
    outer loop
      vertex -8.9472 53.4666 63
      vertex -8.85952 53.3484 55
      vertex -8.85952 53.3484 63
    endloop
  endfacet
  facet normal -0.857792 0.513996 0
    outer loop
      vertex -9.02288 55.0071 55
      vertex -8.9472 55.1334 63
      vertex -8.9472 55.1334 55
    endloop
  endfacet
  facet normal -0.857792 0.513996 0
    outer loop
      vertex -8.9472 55.1334 63
      vertex -9.02288 55.0071 55
      vertex -9.02288 55.0071 63
    endloop
  endfacet
  facet normal 0.671353 0.741138 -0
    outer loop
      vertex -6.63934 55.3607 60
      vertex -6.74841 55.4595 63
      vertex -6.63934 55.3607 63
    endloop
  endfacet
  facet normal 0.671353 0.741138 0
    outer loop
      vertex -6.74841 55.4595 63
      vertex -6.63934 55.3607 60
      vertex -6.74841 55.4595 60
    endloop
  endfacet
  facet normal -0.989174 0.146746 0
    outer loop
      vertex -9.19278 54.447 55
      vertex -9.17118 54.5926 63
      vertex -9.17118 54.5926 55
    endloop
  endfacet
  facet normal -0.989174 0.146746 0
    outer loop
      vertex -9.17118 54.5926 63
      vertex -9.19278 54.447 55
      vertex -9.19278 54.447 63
    endloop
  endfacet
  facet normal -0.595731 -0.803184 0
    outer loop
      vertex -8.65159 53.1405 60
      vertex -8.53335 53.0528 63
      vertex -8.65159 53.1405 63
    endloop
  endfacet
  facet normal -0.595731 -0.803184 -0
    outer loop
      vertex -8.53335 53.0528 63
      vertex -8.65159 53.1405 60
      vertex -8.53335 53.0528 60
    endloop
  endfacet
  facet normal -0.0489143 -0.998803 0
    outer loop
      vertex -7.84702 52.8072 60
      vertex -7.7 52.8 63
      vertex -7.84702 52.8072 63
    endloop
  endfacet
  facet normal -0.0489143 -0.998803 -0
    outer loop
      vertex -7.7 52.8 63
      vertex -7.84702 52.8072 60
      vertex -7.7 52.8 60
    endloop
  endfacet
  facet normal 0 0 1
    outer loop
      vertex -6.20722 54.447 63
      vertex -6.20722 54.153 63
      vertex -6.2 54.3 63
    endloop
  endfacet
  facet normal 0 0 1
    outer loop
      vertex -6.22882 54.5926 63
      vertex -6.20722 54.153 63
      vertex -6.20722 54.447 63
    endloop
  endfacet
  facet normal 0 0 1
    outer loop
      vertex -6.22882 54.5926 63
      vertex -6.22882 54.0074 63
      vertex -6.20722 54.153 63
    endloop
  endfacet
  facet normal 0 0 1
    outer loop
      vertex -6.26459 54.7354 63
      vertex -6.22882 54.0074 63
      vertex -6.22882 54.5926 63
    endloop
  endfacet
  facet normal 0 0 1
    outer loop
      vertex -6.26459 54.7354 63
      vertex -6.26459 53.8646 63
      vertex -6.22882 54.0074 63
    endloop
  endfacet
  facet normal 0 0 1
    outer loop
      vertex -6.31418 54.874 63
      vertex -6.26459 53.8646 63
      vertex -6.26459 54.7354 63
    endloop
  endfacet
  facet normal 0 0 1
    outer loop
      vertex -6.31418 54.874 63
      vertex -6.31418 53.726 63
      vertex -6.26459 53.8646 63
    endloop
  endfacet
  facet normal 0 0 1
    outer loop
      vertex -6.37712 55.0071 63
      vertex -6.31418 53.726 63
      vertex -6.31418 54.874 63
    endloop
  endfacet
  facet normal 0 0 1
    outer loop
      vertex -6.37712 55.0071 63
      vertex -6.37712 53.5929 63
      vertex -6.31418 53.726 63
    endloop
  endfacet
  facet normal 0 0 1
    outer loop
      vertex -6.4528 55.1334 63
      vertex -6.37712 53.5929 63
      vertex -6.37712 55.0071 63
    endloop
  endfacet
  facet normal 0 0 1
    outer loop
      vertex -6.4528 55.1334 63
      vertex -6.4528 53.4666 63
      vertex -6.37712 53.5929 63
    endloop
  endfacet
  facet normal 0 0 1
    outer loop
      vertex -6.54048 55.2516 63
      vertex -6.4528 53.4666 63
      vertex -6.4528 55.1334 63
    endloop
  endfacet
  facet normal 0 0 1
    outer loop
      vertex -6.54048 55.2516 63
      vertex -6.54048 53.3484 63
      vertex -6.4528 53.4666 63
    endloop
  endfacet
  facet normal 0 0 1
    outer loop
      vertex -6.63934 55.3607 63
      vertex -6.54048 53.3484 63
      vertex -6.54048 55.2516 63
    endloop
  endfacet
  facet normal 0 0 1
    outer loop
      vertex -6.63934 55.3607 63
      vertex -6.63934 53.2393 63
      vertex -6.54048 53.3484 63
    endloop
  endfacet
  facet normal 0 0 1
    outer loop
      vertex -6.74841 55.4595 63
      vertex -6.63934 53.2393 63
      vertex -6.63934 55.3607 63
    endloop
  endfacet
  facet normal 0 0 1
    outer loop
      vertex -6.74841 55.4595 63
      vertex -6.74841 53.1405 63
      vertex -6.63934 53.2393 63
    endloop
  endfacet
  facet normal 0 0 1
    outer loop
      vertex -6.86664 55.5472 63
      vertex -6.74841 53.1405 63
      vertex -6.74841 55.4595 63
    endloop
  endfacet
  facet normal 0 0 1
    outer loop
      vertex -6.86664 55.5472 63
      vertex -6.86664 53.0528 63
      vertex -6.74841 53.1405 63
    endloop
  endfacet
  facet normal 0 0 1
    outer loop
      vertex -6.9929 55.6229 63
      vertex -6.86664 53.0528 63
      vertex -6.86664 55.5472 63
    endloop
  endfacet
  facet normal 0 0 1
    outer loop
      vertex -6.9929 55.6229 63
      vertex -6.9929 52.9771 63
      vertex -6.86664 53.0528 63
    endloop
  endfacet
  facet normal 0 0 1
    outer loop
      vertex -7.12597 55.6858 63
      vertex -6.9929 52.9771 63
      vertex -6.9929 55.6229 63
    endloop
  endfacet
  facet normal 0 0 1
    outer loop
      vertex -7.12597 55.6858 63
      vertex -7.12597 52.9142 63
      vertex -6.9929 52.9771 63
    endloop
  endfacet
  facet normal 0 0 1
    outer loop
      vertex -7.26457 55.7354 63
      vertex -7.12597 52.9142 63
      vertex -7.12597 55.6858 63
    endloop
  endfacet
  facet normal 0 0 1
    outer loop
      vertex -7.26457 55.7354 63
      vertex -7.26457 52.8646 63
      vertex -7.12597 52.9142 63
    endloop
  endfacet
  facet normal 0 0 1
    outer loop
      vertex -7.40736 55.7712 63
      vertex -7.26457 52.8646 63
      vertex -7.26457 55.7354 63
    endloop
  endfacet
  facet normal 0 0 1
    outer loop
      vertex -7.40736 55.7712 63
      vertex -7.40736 52.8288 63
      vertex -7.26457 52.8646 63
    endloop
  endfacet
  facet normal 0 0 1
    outer loop
      vertex -7.55297 55.7928 63
      vertex -7.40736 52.8288 63
      vertex -7.40736 55.7712 63
    endloop
  endfacet
  facet normal 0 0 1
    outer loop
      vertex -7.55297 55.7928 63
      vertex -7.55297 52.8072 63
      vertex -7.40736 52.8288 63
    endloop
  endfacet
  facet normal 0 0 1
    outer loop
      vertex -7.7 55.8 63
      vertex -7.55297 52.8072 63
      vertex -7.55297 55.7928 63
    endloop
  endfacet
  facet normal 0 0 1
    outer loop
      vertex -7.7 55.8 63
      vertex -7.7 52.8 63
      vertex -7.55297 52.8072 63
    endloop
  endfacet
  facet normal -0 0 1
    outer loop
      vertex -7.84702 55.7928 63
      vertex -7.7 52.8 63
      vertex -7.7 55.8 63
    endloop
  endfacet
  facet normal 0 0 1
    outer loop
      vertex -7.84702 55.7928 63
      vertex -7.84702 52.8072 63
      vertex -7.7 52.8 63
    endloop
  endfacet
  facet normal -0 0 1
    outer loop
      vertex -7.99263 55.7712 63
      vertex -7.84702 52.8072 63
      vertex -7.84702 55.7928 63
    endloop
  endfacet
  facet normal 0 0 1
    outer loop
      vertex -7.99263 55.7712 63
      vertex -7.99263 52.8288 63
      vertex -7.84702 52.8072 63
    endloop
  endfacet
  facet normal -0 0 1
    outer loop
      vertex -8.13543 55.7354 63
      vertex -7.99263 52.8288 63
      vertex -7.99263 55.7712 63
    endloop
  endfacet
  facet normal 0 0 1
    outer loop
      vertex -8.13543 55.7354 63
      vertex -8.13543 52.8646 63
      vertex -7.99263 52.8288 63
    endloop
  endfacet
  facet normal -0 0 1
    outer loop
      vertex -8.27402 55.6858 63
      vertex -8.13543 52.8646 63
      vertex -8.13543 55.7354 63
    endloop
  endfacet
  facet normal 0 0 1
    outer loop
      vertex -8.27402 55.6858 63
      vertex -8.27402 52.9142 63
      vertex -8.13543 52.8646 63
    endloop
  endfacet
  facet normal -0 0 1
    outer loop
      vertex -8.40709 55.6229 63
      vertex -8.27402 52.9142 63
      vertex -8.27402 55.6858 63
    endloop
  endfacet
  facet normal 0 0 1
    outer loop
      vertex -8.40709 55.6229 63
      vertex -8.40709 52.9771 63
      vertex -8.27402 52.9142 63
    endloop
  endfacet
  facet normal -0 0 1
    outer loop
      vertex -8.53335 55.5472 63
      vertex -8.40709 52.9771 63
      vertex -8.40709 55.6229 63
    endloop
  endfacet
  facet normal 0 0 1
    outer loop
      vertex -8.53335 55.5472 63
      vertex -8.53335 53.0528 63
      vertex -8.40709 52.9771 63
    endloop
  endfacet
  facet normal -0 0 1
    outer loop
      vertex -8.65159 55.4595 63
      vertex -8.53335 53.0528 63
      vertex -8.53335 55.5472 63
    endloop
  endfacet
  facet normal 0 0 1
    outer loop
      vertex -8.65159 55.4595 63
      vertex -8.65159 53.1405 63
      vertex -8.53335 53.0528 63
    endloop
  endfacet
  facet normal -0 0 1
    outer loop
      vertex -8.76066 55.3607 63
      vertex -8.65159 53.1405 63
      vertex -8.65159 55.4595 63
    endloop
  endfacet
  facet normal 0 0 1
    outer loop
      vertex -8.76066 55.3607 63
      vertex -8.76066 53.2393 63
      vertex -8.65159 53.1405 63
    endloop
  endfacet
  facet normal -0 0 1
    outer loop
      vertex -8.85952 55.2516 63
      vertex -8.76066 53.2393 63
      vertex -8.76066 55.3607 63
    endloop
  endfacet
  facet normal 0 0 1
    outer loop
      vertex -8.85952 55.2516 63
      vertex -8.85952 53.3484 63
      vertex -8.76066 53.2393 63
    endloop
  endfacet
  facet normal -0 0 1
    outer loop
      vertex -8.9472 55.1334 63
      vertex -8.85952 53.3484 63
      vertex -8.85952 55.2516 63
    endloop
  endfacet
  facet normal 0 0 1
    outer loop
      vertex -8.9472 55.1334 63
      vertex -8.9472 53.4666 63
      vertex -8.85952 53.3484 63
    endloop
  endfacet
  facet normal -0 0 1
    outer loop
      vertex -9.02288 55.0071 63
      vertex -8.9472 53.4666 63
      vertex -8.9472 55.1334 63
    endloop
  endfacet
  facet normal 0 0 1
    outer loop
      vertex -9.02288 55.0071 63
      vertex -9.02288 53.5929 63
      vertex -8.9472 53.4666 63
    endloop
  endfacet
  facet normal -0 0 1
    outer loop
      vertex -9.08582 54.874 63
      vertex -9.02288 53.5929 63
      vertex -9.02288 55.0071 63
    endloop
  endfacet
  facet normal 0 0 1
    outer loop
      vertex -9.08582 54.874 63
      vertex -9.08582 53.726 63
      vertex -9.02288 53.5929 63
    endloop
  endfacet
  facet normal -0 0 1
    outer loop
      vertex -9.13541 54.7354 63
      vertex -9.08582 53.726 63
      vertex -9.08582 54.874 63
    endloop
  endfacet
  facet normal 0 0 1
    outer loop
      vertex -9.13541 54.7354 63
      vertex -9.13541 53.8646 63
      vertex -9.08582 53.726 63
    endloop
  endfacet
  facet normal -0 0 1
    outer loop
      vertex -9.17118 54.5926 63
      vertex -9.13541 53.8646 63
      vertex -9.13541 54.7354 63
    endloop
  endfacet
  facet normal 0 0 1
    outer loop
      vertex -9.17118 54.5926 63
      vertex -9.17118 54.0074 63
      vertex -9.13541 53.8646 63
    endloop
  endfacet
  facet normal -0 0 1
    outer loop
      vertex -9.19278 54.447 63
      vertex -9.17118 54.0074 63
      vertex -9.17118 54.5926 63
    endloop
  endfacet
  facet normal 0 0 1
    outer loop
      vertex -9.19278 54.447 63
      vertex -9.19278 54.153 63
      vertex -9.17118 54.0074 63
    endloop
  endfacet
  facet normal 0 -0 1
    outer loop
      vertex -9.19278 54.153 63
      vertex -9.19278 54.447 63
      vertex -9.2 54.3 63
    endloop
  endfacet
  facet normal -0.998796 0.0490565 0
    outer loop
      vertex -9.2 54.3 55
      vertex -9.19278 54.447 63
      vertex -9.19278 54.447 55
    endloop
  endfacet
  facet normal -0.998796 0.0490565 0
    outer loop
      vertex -9.19278 54.447 63
      vertex -9.2 54.3 55
      vertex -9.2 54.3 63
    endloop
  endfacet
  facet normal -0.33696 -0.941519 0
    outer loop
      vertex -8.27402 52.9142 60
      vertex -8.13543 52.8646 63
      vertex -8.27402 52.9142 63
    endloop
  endfacet
  facet normal -0.33696 -0.941519 -0
    outer loop
      vertex -8.13543 52.8646 63
      vertex -8.27402 52.9142 60
      vertex -8.13543 52.8646 60
    endloop
  endfacet
  facet normal 0.671353 -0.741138 0
    outer loop
      vertex -6.74841 53.1405 60
      vertex -6.63934 53.2393 63
      vertex -6.74841 53.1405 63
    endloop
  endfacet
  facet normal 0.671353 -0.741138 0
    outer loop
      vertex -6.63934 53.2393 63
      vertex -6.74841 53.1405 60
      vertex -6.63934 53.2393 60
    endloop
  endfacet
  facet normal 0 0 -1
    outer loop
      vertex -8.85952 71.3484 55
      vertex -8.7 71.1844 55
      vertex -8.76066 71.2393 55
    endloop
  endfacet
  facet normal 0 0 -1
    outer loop
      vertex -8.7 71.1844 55
      vertex -8.85952 71.3484 55
      vertex -8.7 73.4156 55
    endloop
  endfacet
  facet normal 0 0 -1
    outer loop
      vertex -8.85952 73.2516 55
      vertex -8.7 73.4156 55
      vertex -8.85952 71.3484 55
    endloop
  endfacet
  facet normal 0 0 -1
    outer loop
      vertex -8.7 73.4156 55
      vertex -8.85952 73.2516 55
      vertex -8.76066 73.3607 55
    endloop
  endfacet
  facet normal 0 0 -1
    outer loop
      vertex -8.9472 71.4666 55
      vertex -8.85952 73.2516 55
      vertex -8.85952 71.3484 55
    endloop
  endfacet
  facet normal 0 0 -1
    outer loop
      vertex -8.9472 71.4666 55
      vertex -8.9472 73.1334 55
      vertex -8.85952 73.2516 55
    endloop
  endfacet
  facet normal 0 0 -1
    outer loop
      vertex -9.02288 71.5929 55
      vertex -8.9472 73.1334 55
      vertex -8.9472 71.4666 55
    endloop
  endfacet
  facet normal 0 0 -1
    outer loop
      vertex -9.02288 71.5929 55
      vertex -9.02288 73.0071 55
      vertex -8.9472 73.1334 55
    endloop
  endfacet
  facet normal 0 0 -1
    outer loop
      vertex -9.08582 71.726 55
      vertex -9.02288 73.0071 55
      vertex -9.02288 71.5929 55
    endloop
  endfacet
  facet normal 0 0 -1
    outer loop
      vertex -9.08582 71.726 55
      vertex -9.08582 72.874 55
      vertex -9.02288 73.0071 55
    endloop
  endfacet
  facet normal 0 0 -1
    outer loop
      vertex -9.13541 71.8646 55
      vertex -9.08582 72.874 55
      vertex -9.08582 71.726 55
    endloop
  endfacet
  facet normal 0 0 -1
    outer loop
      vertex -9.13541 71.8646 55
      vertex -9.13541 72.7354 55
      vertex -9.08582 72.874 55
    endloop
  endfacet
  facet normal 0 0 -1
    outer loop
      vertex -9.17118 72.0074 55
      vertex -9.13541 72.7354 55
      vertex -9.13541 71.8646 55
    endloop
  endfacet
  facet normal 0 0 -1
    outer loop
      vertex -9.17118 72.0074 55
      vertex -9.17118 72.5926 55
      vertex -9.13541 72.7354 55
    endloop
  endfacet
  facet normal 0 0 -1
    outer loop
      vertex -9.19278 72.153 55
      vertex -9.17118 72.5926 55
      vertex -9.17118 72.0074 55
    endloop
  endfacet
  facet normal 0 0 -1
    outer loop
      vertex -9.19278 72.153 55
      vertex -9.19278 72.447 55
      vertex -9.17118 72.5926 55
    endloop
  endfacet
  facet normal 0 -0 -1
    outer loop
      vertex -9.19278 72.447 55
      vertex -9.19278 72.153 55
      vertex -9.2 72.3 55
    endloop
  endfacet
  facet normal 0 0 -1
    outer loop
      vertex -8.85952 53.3484 55
      vertex -8.7 53.1844 55
      vertex -8.76066 53.2393 55
    endloop
  endfacet
  facet normal 0 0 -1
    outer loop
      vertex -8.7 53.1844 55
      vertex -8.85952 53.3484 55
      vertex -8.7 55.4156 55
    endloop
  endfacet
  facet normal 0 0 -1
    outer loop
      vertex -8.85952 55.2516 55
      vertex -8.7 55.4156 55
      vertex -8.85952 53.3484 55
    endloop
  endfacet
  facet normal 0 0 -1
    outer loop
      vertex -8.7 55.4156 55
      vertex -8.85952 55.2516 55
      vertex -8.76066 55.3607 55
    endloop
  endfacet
  facet normal 0 0 -1
    outer loop
      vertex -8.9472 53.4666 55
      vertex -8.85952 55.2516 55
      vertex -8.85952 53.3484 55
    endloop
  endfacet
  facet normal 0 0 -1
    outer loop
      vertex -8.9472 53.4666 55
      vertex -8.9472 55.1334 55
      vertex -8.85952 55.2516 55
    endloop
  endfacet
  facet normal 0 0 -1
    outer loop
      vertex -9.02288 53.5929 55
      vertex -8.9472 55.1334 55
      vertex -8.9472 53.4666 55
    endloop
  endfacet
  facet normal 0 0 -1
    outer loop
      vertex -9.02288 53.5929 55
      vertex -9.02288 55.0071 55
      vertex -8.9472 55.1334 55
    endloop
  endfacet
  facet normal 0 0 -1
    outer loop
      vertex -9.08582 53.726 55
      vertex -9.02288 55.0071 55
      vertex -9.02288 53.5929 55
    endloop
  endfacet
  facet normal 0 0 -1
    outer loop
      vertex -9.08582 53.726 55
      vertex -9.08582 54.874 55
      vertex -9.02288 55.0071 55
    endloop
  endfacet
  facet normal 0 0 -1
    outer loop
      vertex -9.13541 53.8646 55
      vertex -9.08582 54.874 55
      vertex -9.08582 53.726 55
    endloop
  endfacet
  facet normal 0 0 -1
    outer loop
      vertex -9.13541 53.8646 55
      vertex -9.13541 54.7354 55
      vertex -9.08582 54.874 55
    endloop
  endfacet
  facet normal 0 0 -1
    outer loop
      vertex -9.17118 54.0074 55
      vertex -9.13541 54.7354 55
      vertex -9.13541 53.8646 55
    endloop
  endfacet
  facet normal 0 0 -1
    outer loop
      vertex -9.17118 54.0074 55
      vertex -9.17118 54.5926 55
      vertex -9.13541 54.7354 55
    endloop
  endfacet
  facet normal 0 0 -1
    outer loop
      vertex -9.19278 54.153 55
      vertex -9.17118 54.5926 55
      vertex -9.17118 54.0074 55
    endloop
  endfacet
  facet normal 0 0 -1
    outer loop
      vertex -9.19278 54.153 55
      vertex -9.19278 54.447 55
      vertex -9.17118 54.5926 55
    endloop
  endfacet
  facet normal 0 -0 -1
    outer loop
      vertex -9.19278 54.447 55
      vertex -9.19278 54.153 55
      vertex -9.2 54.3 55
    endloop
  endfacet
  facet normal 0 0 -1
    outer loop
      vertex -3.7 0 55
      vertex 0 16.6 55
      vertex 0 0 55
    endloop
  endfacet
  facet normal 0 0 -1
    outer loop
      vertex 0 16.6 55
      vertex -3.7 48.3 55
      vertex -0.0146961 57.7443 55
    endloop
  endfacet
  facet normal 0 0 -1
    outer loop
      vertex -8.7 53.1844 55
      vertex -0.0146961 57.7443 55
      vertex -3.7 48.3 55
    endloop
  endfacet
  facet normal 0 0 -1
    outer loop
      vertex -8.7 55.4156 55
      vertex -0.0146961 57.7443 55
      vertex -8.7 53.1844 55
    endloop
  endfacet
  facet normal -0 0 -1
    outer loop
      vertex -0.0146961 57.7443 55
      vertex -8.7 55.4156 55
      vertex -0.519212 58.586 55
    endloop
  endfacet
  facet normal -0 0 -1
    outer loop
      vertex -0.938795 59.4732 55
      vertex -8.7 55.4156 55
      vertex -1.2694 60.3972 55
    endloop
  endfacet
  facet normal -0 0 -1
    outer loop
      vertex -1.2694 60.3972 55
      vertex -8.7 55.4156 55
      vertex -1.50785 61.3491 55
    endloop
  endfacet
  facet normal -0 0 -1
    outer loop
      vertex 0 16.6 55
      vertex -3.7 0 55
      vertex -3.7 48.3 55
    endloop
  endfacet
  facet normal 0 0 -1
    outer loop
      vertex 16.6 16.6 55
      vertex 20.3 48.3 55
      vertex 20.3 0 55
    endloop
  endfacet
  facet normal 0 0 -1
    outer loop
      vertex 20.3 48.3 55
      vertex 18.2518 62.3198 55
      vertex 18.3 63.3 55
    endloop
  endfacet
  facet normal 0 0 -1
    outer loop
      vertex 20.3 48.3 55
      vertex 18.1079 61.3491 55
      vertex 18.2518 62.3198 55
    endloop
  endfacet
  facet normal 0 0 -1
    outer loop
      vertex 0 16.6 55
      vertex 20.3 48.3 55
      vertex 16.6 16.6 55
    endloop
  endfacet
  facet normal 0 0 -1
    outer loop
      vertex 20.3 48.3 55
      vertex 17.8694 60.3972 55
      vertex 18.1079 61.3491 55
    endloop
  endfacet
  facet normal 0 0 -1
    outer loop
      vertex 20.3 48.3 55
      vertex 17.5388 59.4732 55
      vertex 17.8694 60.3972 55
    endloop
  endfacet
  facet normal 0 0 -1
    outer loop
      vertex 20.3 48.3 55
      vertex 17.1192 58.586 55
      vertex 17.5388 59.4732 55
    endloop
  endfacet
  facet normal 0 0 -1
    outer loop
      vertex 16.6 16.6 55
      vertex 20.3 0 55
      vertex 16.6 0 55
    endloop
  endfacet
  facet normal 0 0 -1
    outer loop
      vertex 20.3 48.3 55
      vertex 16.6147 57.7443 55
      vertex 17.1192 58.586 55
    endloop
  endfacet
  facet normal 0 0 -1
    outer loop
      vertex 20.3 48.3 55
      vertex 16.0301 56.9561 55
      vertex 16.6147 57.7443 55
    endloop
  endfacet
  facet normal 0 0 -1
    outer loop
      vertex 20.3 48.3 55
      vertex 15.3711 56.2289 55
      vertex 16.0301 56.9561 55
    endloop
  endfacet
  facet normal 0 0 -1
    outer loop
      vertex 20.3 48.3 55
      vertex 14.6439 55.5699 55
      vertex 15.3711 56.2289 55
    endloop
  endfacet
  facet normal 0 0 -1
    outer loop
      vertex 20.3 48.3 55
      vertex 13.8557 54.9853 55
      vertex 14.6439 55.5699 55
    endloop
  endfacet
  facet normal 0 0 -1
    outer loop
      vertex 20.3 48.3 55
      vertex 13.014 54.4808 55
      vertex 13.8557 54.9853 55
    endloop
  endfacet
  facet normal 0 0 -1
    outer loop
      vertex 20.3 48.3 55
      vertex 12.1268 54.0612 55
      vertex 13.014 54.4808 55
    endloop
  endfacet
  facet normal 0 0 -1
    outer loop
      vertex 20.3 48.3 55
      vertex 11.2028 53.7306 55
      vertex 12.1268 54.0612 55
    endloop
  endfacet
  facet normal 0 0 -1
    outer loop
      vertex 20.3 48.3 55
      vertex 10.2509 53.4921 55
      vertex 11.2028 53.7306 55
    endloop
  endfacet
  facet normal 0 0 -1
    outer loop
      vertex 20.3 48.3 55
      vertex 9.28017 53.3482 55
      vertex 10.2509 53.4921 55
    endloop
  endfacet
  facet normal 0 0 -1
    outer loop
      vertex 20.3 48.3 55
      vertex 8.3 53.3 55
      vertex 9.28017 53.3482 55
    endloop
  endfacet
  facet normal -0 0 -1
    outer loop
      vertex 20.3 48.3 55
      vertex 0 16.6 55
      vertex 8.3 53.3 55
    endloop
  endfacet
  facet normal -0 0 -1
    outer loop
      vertex 8.3 53.3 55
      vertex 0 16.6 55
      vertex 7.31983 53.3482 55
    endloop
  endfacet
  facet normal -0 0 -1
    outer loop
      vertex 7.31983 53.3482 55
      vertex 0 16.6 55
      vertex 6.3491 53.4921 55
    endloop
  endfacet
  facet normal -0 0 -1
    outer loop
      vertex 6.3491 53.4921 55
      vertex 0 16.6 55
      vertex 5.39715 53.7306 55
    endloop
  endfacet
  facet normal -0 0 -1
    outer loop
      vertex 5.39715 53.7306 55
      vertex 0 16.6 55
      vertex 4.47317 54.0612 55
    endloop
  endfacet
  facet normal -0 0 -1
    outer loop
      vertex 4.47317 54.0612 55
      vertex 0 16.6 55
      vertex 3.58603 54.4808 55
    endloop
  endfacet
  facet normal -0 0 -1
    outer loop
      vertex 3.58603 54.4808 55
      vertex 0 16.6 55
      vertex 2.7443 54.9853 55
    endloop
  endfacet
  facet normal -0 0 -1
    outer loop
      vertex 2.7443 54.9853 55
      vertex 0 16.6 55
      vertex 1.95607 55.5699 55
    endloop
  endfacet
  facet normal -0 0 -1
    outer loop
      vertex 1.95607 55.5699 55
      vertex 0 16.6 55
      vertex 1.22893 56.2289 55
    endloop
  endfacet
  facet normal -0 0 -1
    outer loop
      vertex 1.22893 56.2289 55
      vertex 0 16.6 55
      vertex 0.569895 56.9561 55
    endloop
  endfacet
  facet normal -0 0 -1
    outer loop
      vertex 0.569895 56.9561 55
      vertex 0 16.6 55
      vertex -0.0146961 57.7443 55
    endloop
  endfacet
  facet normal 0 0 -1
    outer loop
      vertex 20.3 48.3 55
      vertex 25.3 53.1844 55
      vertex 25.3 48.3 55
    endloop
  endfacet
  facet normal -0 0 -1
    outer loop
      vertex 25.3 53.1844 55
      vertex 20.3 48.3 55
      vertex 25.3 55.4156 55
    endloop
  endfacet
  facet normal 0 0 -1
    outer loop
      vertex 25.3 55.4156 55
      vertex 18.3 63.3 55
      vertex 25.3 71.1844 55
    endloop
  endfacet
  facet normal 0 0 -1
    outer loop
      vertex 18.2518 64.2802 55
      vertex 25.3 71.1844 55
      vertex 18.3 63.3 55
    endloop
  endfacet
  facet normal -0 0 -1
    outer loop
      vertex 25.3 55.4156 55
      vertex 20.3 48.3 55
      vertex 18.3 63.3 55
    endloop
  endfacet
  facet normal 0 0 -1
    outer loop
      vertex 18.1079 65.2509 55
      vertex 25.3 71.1844 55
      vertex 18.2518 64.2802 55
    endloop
  endfacet
  facet normal 0 0 -1
    outer loop
      vertex 17.8694 66.2029 55
      vertex 25.3 71.1844 55
      vertex 18.1079 65.2509 55
    endloop
  endfacet
  facet normal 0 0 -1
    outer loop
      vertex 17.5388 67.1268 55
      vertex 25.3 71.1844 55
      vertex 17.8694 66.2029 55
    endloop
  endfacet
  facet normal 0 0 -1
    outer loop
      vertex 17.1192 68.014 55
      vertex 25.3 71.1844 55
      vertex 17.5388 67.1268 55
    endloop
  endfacet
  facet normal 0 0 -1
    outer loop
      vertex 16.6147 68.8557 55
      vertex 25.3 71.1844 55
      vertex 17.1192 68.014 55
    endloop
  endfacet
  facet normal 0 0 -1
    outer loop
      vertex 16.0301 69.6439 55
      vertex 25.3 71.1844 55
      vertex 16.6147 68.8557 55
    endloop
  endfacet
  facet normal -0 0 -1
    outer loop
      vertex 25.3 71.1844 55
      vertex 16.0301 69.6439 55
      vertex 25.3 73.4156 55
    endloop
  endfacet
  facet normal 0 0 -1
    outer loop
      vertex 15.3711 70.3711 55
      vertex 25.3 73.4156 55
      vertex 16.0301 69.6439 55
    endloop
  endfacet
  facet normal 0 0 -1
    outer loop
      vertex 14.6439 71.0301 55
      vertex 25.3 73.4156 55
      vertex 15.3711 70.3711 55
    endloop
  endfacet
  facet normal -0 0 -1
    outer loop
      vertex 25.3 73.4156 55
      vertex 14.6439 71.0301 55
      vertex 25.3 78.3 55
    endloop
  endfacet
  facet normal 0 0 -1
    outer loop
      vertex 13.8557 71.6147 55
      vertex 25.3 78.3 55
      vertex 14.6439 71.0301 55
    endloop
  endfacet
  facet normal 0 0 -1
    outer loop
      vertex 13.014 72.1192 55
      vertex 25.3 78.3 55
      vertex 13.8557 71.6147 55
    endloop
  endfacet
  facet normal 0 0 -1
    outer loop
      vertex 12.1268 72.5388 55
      vertex 25.3 78.3 55
      vertex 13.014 72.1192 55
    endloop
  endfacet
  facet normal 0 0 -1
    outer loop
      vertex 11.2028 72.8694 55
      vertex 25.3 78.3 55
      vertex 12.1268 72.5388 55
    endloop
  endfacet
  facet normal 0 0 -1
    outer loop
      vertex 10.2509 73.1078 55
      vertex 25.3 78.3 55
      vertex 11.2028 72.8694 55
    endloop
  endfacet
  facet normal 0 0 -1
    outer loop
      vertex 9.28017 73.2518 55
      vertex 25.3 78.3 55
      vertex 10.2509 73.1078 55
    endloop
  endfacet
  facet normal 0 0 -1
    outer loop
      vertex 8.3 73.3 55
      vertex 25.3 78.3 55
      vertex 9.28017 73.2518 55
    endloop
  endfacet
  facet normal 0 0 -1
    outer loop
      vertex -8.7 78.3 55
      vertex 8.3 73.3 55
      vertex 7.31983 73.2518 55
    endloop
  endfacet
  facet normal 0 0 -1
    outer loop
      vertex -8.7 78.3 55
      vertex 7.31983 73.2518 55
      vertex 6.3491 73.1078 55
    endloop
  endfacet
  facet normal 0 0 -1
    outer loop
      vertex -8.7 78.3 55
      vertex 6.3491 73.1078 55
      vertex 5.39715 72.8694 55
    endloop
  endfacet
  facet normal -0 0 -1
    outer loop
      vertex -1.50785 61.3491 55
      vertex -8.7 55.4156 55
      vertex -1.65185 62.3198 55
    endloop
  endfacet
  facet normal -0 0 -1
    outer loop
      vertex -1.65185 62.3198 55
      vertex -8.7 55.4156 55
      vertex -1.7 63.3 55
    endloop
  endfacet
  facet normal 0 0 -1
    outer loop
      vertex -8.7 53.1844 55
      vertex -3.7 48.3 55
      vertex -8.7 48.3 55
    endloop
  endfacet
  facet normal -0 0 -1
    outer loop
      vertex -0.519212 58.586 55
      vertex -8.7 55.4156 55
      vertex -0.938795 59.4732 55
    endloop
  endfacet
  facet normal 0 0 -1
    outer loop
      vertex -8.7 71.1844 55
      vertex -1.7 63.3 55
      vertex -8.7 55.4156 55
    endloop
  endfacet
  facet normal 0 0 -1
    outer loop
      vertex -1.7 63.3 55
      vertex -8.7 71.1844 55
      vertex -1.65185 64.2802 55
    endloop
  endfacet
  facet normal 0 0 -1
    outer loop
      vertex -1.65185 64.2802 55
      vertex -8.7 71.1844 55
      vertex -1.50785 65.2509 55
    endloop
  endfacet
  facet normal 0 0 -1
    outer loop
      vertex -1.50785 65.2509 55
      vertex -8.7 71.1844 55
      vertex -1.2694 66.2029 55
    endloop
  endfacet
  facet normal 0 0 -1
    outer loop
      vertex -1.2694 66.2029 55
      vertex -8.7 71.1844 55
      vertex -0.938795 67.1268 55
    endloop
  endfacet
  facet normal 0 0 -1
    outer loop
      vertex -0.938795 67.1268 55
      vertex -8.7 71.1844 55
      vertex -0.519212 68.014 55
    endloop
  endfacet
  facet normal 0 0 -1
    outer loop
      vertex -0.519212 68.014 55
      vertex -8.7 71.1844 55
      vertex -0.0146961 68.8557 55
    endloop
  endfacet
  facet normal 0 0 -1
    outer loop
      vertex -8.7 71.1844 55
      vertex 0.569895 69.6439 55
      vertex -0.0146961 68.8557 55
    endloop
  endfacet
  facet normal 0 0 -1
    outer loop
      vertex -8.7 73.4156 55
      vertex 0.569895 69.6439 55
      vertex -8.7 71.1844 55
    endloop
  endfacet
  facet normal 0 0 -1
    outer loop
      vertex 0.569895 69.6439 55
      vertex -8.7 73.4156 55
      vertex 1.22893 70.3711 55
    endloop
  endfacet
  facet normal 0 0 -1
    outer loop
      vertex 1.22893 70.3711 55
      vertex -8.7 73.4156 55
      vertex 1.95607 71.0301 55
    endloop
  endfacet
  facet normal 0 0 -1
    outer loop
      vertex -8.7 78.3 55
      vertex 1.95607 71.0301 55
      vertex -8.7 73.4156 55
    endloop
  endfacet
  facet normal 0 0 -1
    outer loop
      vertex 1.95607 71.0301 55
      vertex -8.7 78.3 55
      vertex 2.7443 71.6147 55
    endloop
  endfacet
  facet normal 0 0 -1
    outer loop
      vertex 2.7443 71.6147 55
      vertex -8.7 78.3 55
      vertex 3.58603 72.1192 55
    endloop
  endfacet
  facet normal 0 0 -1
    outer loop
      vertex 3.58603 72.1192 55
      vertex -8.7 78.3 55
      vertex 4.47317 72.5388 55
    endloop
  endfacet
  facet normal 0 0 -1
    outer loop
      vertex 4.47317 72.5388 55
      vertex -8.7 78.3 55
      vertex 5.39715 72.8694 55
    endloop
  endfacet
  facet normal 0 0 -1
    outer loop
      vertex 8.3 73.3 55
      vertex -8.7 78.3 55
      vertex 25.3 78.3 55
    endloop
  endfacet
  facet normal 0 0 -1
    outer loop
      vertex 25.7928 54.153 55
      vertex 25.7928 54.447 55
      vertex 25.8 54.3 55
    endloop
  endfacet
  facet normal 0 0 -1
    outer loop
      vertex 25.7712 54.0074 55
      vertex 25.7928 54.447 55
      vertex 25.7928 54.153 55
    endloop
  endfacet
  facet normal 0 0 -1
    outer loop
      vertex 25.7712 54.0074 55
      vertex 25.7712 54.5926 55
      vertex 25.7928 54.447 55
    endloop
  endfacet
  facet normal 0 0 -1
    outer loop
      vertex 25.7354 53.8646 55
      vertex 25.7712 54.5926 55
      vertex 25.7712 54.0074 55
    endloop
  endfacet
  facet normal 0 0 -1
    outer loop
      vertex 25.7354 53.8646 55
      vertex 25.7354 54.7354 55
      vertex 25.7712 54.5926 55
    endloop
  endfacet
  facet normal 0 0 -1
    outer loop
      vertex 25.6858 53.726 55
      vertex 25.7354 54.7354 55
      vertex 25.7354 53.8646 55
    endloop
  endfacet
  facet normal 0 0 -1
    outer loop
      vertex 25.6858 53.726 55
      vertex 25.6858 54.874 55
      vertex 25.7354 54.7354 55
    endloop
  endfacet
  facet normal 0 0 -1
    outer loop
      vertex 25.6229 53.5929 55
      vertex 25.6858 54.874 55
      vertex 25.6858 53.726 55
    endloop
  endfacet
  facet normal 0 0 -1
    outer loop
      vertex 25.6229 53.5929 55
      vertex 25.6229 55.0071 55
      vertex 25.6858 54.874 55
    endloop
  endfacet
  facet normal 0 0 -1
    outer loop
      vertex 25.5472 53.4666 55
      vertex 25.6229 55.0071 55
      vertex 25.6229 53.5929 55
    endloop
  endfacet
  facet normal 0 0 -1
    outer loop
      vertex 25.5472 53.4666 55
      vertex 25.5472 55.1334 55
      vertex 25.6229 55.0071 55
    endloop
  endfacet
  facet normal 0 0 -1
    outer loop
      vertex 25.4595 53.3484 55
      vertex 25.5472 55.1334 55
      vertex 25.5472 53.4666 55
    endloop
  endfacet
  facet normal 0 0 -1
    outer loop
      vertex 25.4595 53.3484 55
      vertex 25.4595 55.2516 55
      vertex 25.5472 55.1334 55
    endloop
  endfacet
  facet normal 0 0 -1
    outer loop
      vertex 25.3 53.1844 55
      vertex 25.4595 53.3484 55
      vertex 25.3607 53.2393 55
    endloop
  endfacet
  facet normal -0 0 -1
    outer loop
      vertex 25.4595 53.3484 55
      vertex 25.3 53.1844 55
      vertex 25.4595 55.2516 55
    endloop
  endfacet
  facet normal 0 0 -1
    outer loop
      vertex 25.3 55.4156 55
      vertex 25.4595 55.2516 55
      vertex 25.3 53.1844 55
    endloop
  endfacet
  facet normal 0 0 -1
    outer loop
      vertex 25.4595 55.2516 55
      vertex 25.3 55.4156 55
      vertex 25.3607 55.3607 55
    endloop
  endfacet
  facet normal 0 0 -1
    outer loop
      vertex 25.7928 72.153 55
      vertex 25.7928 72.447 55
      vertex 25.8 72.3 55
    endloop
  endfacet
  facet normal 0 0 -1
    outer loop
      vertex 25.7712 72.0074 55
      vertex 25.7928 72.447 55
      vertex 25.7928 72.153 55
    endloop
  endfacet
  facet normal 0 0 -1
    outer loop
      vertex 25.7712 72.0074 55
      vertex 25.7712 72.5926 55
      vertex 25.7928 72.447 55
    endloop
  endfacet
  facet normal 0 0 -1
    outer loop
      vertex 25.7354 71.8646 55
      vertex 25.7712 72.5926 55
      vertex 25.7712 72.0074 55
    endloop
  endfacet
  facet normal 0 0 -1
    outer loop
      vertex 25.7354 71.8646 55
      vertex 25.7354 72.7354 55
      vertex 25.7712 72.5926 55
    endloop
  endfacet
  facet normal 0 0 -1
    outer loop
      vertex 25.6858 71.726 55
      vertex 25.7354 72.7354 55
      vertex 25.7354 71.8646 55
    endloop
  endfacet
  facet normal 0 0 -1
    outer loop
      vertex 25.6858 71.726 55
      vertex 25.6858 72.874 55
      vertex 25.7354 72.7354 55
    endloop
  endfacet
  facet normal 0 0 -1
    outer loop
      vertex 25.6229 71.5929 55
      vertex 25.6858 72.874 55
      vertex 25.6858 71.726 55
    endloop
  endfacet
  facet normal 0 0 -1
    outer loop
      vertex 25.6229 71.5929 55
      vertex 25.6229 73.0071 55
      vertex 25.6858 72.874 55
    endloop
  endfacet
  facet normal 0 0 -1
    outer loop
      vertex 25.5472 71.4666 55
      vertex 25.6229 73.0071 55
      vertex 25.6229 71.5929 55
    endloop
  endfacet
  facet normal 0 0 -1
    outer loop
      vertex 25.5472 71.4666 55
      vertex 25.5472 73.1334 55
      vertex 25.6229 73.0071 55
    endloop
  endfacet
  facet normal 0 0 -1
    outer loop
      vertex 25.4595 71.3484 55
      vertex 25.5472 73.1334 55
      vertex 25.5472 71.4666 55
    endloop
  endfacet
  facet normal 0 0 -1
    outer loop
      vertex 25.4595 71.3484 55
      vertex 25.4595 73.2516 55
      vertex 25.5472 73.1334 55
    endloop
  endfacet
  facet normal 0 0 -1
    outer loop
      vertex 25.3 71.1844 55
      vertex 25.4595 71.3484 55
      vertex 25.3607 71.2393 55
    endloop
  endfacet
  facet normal -0 0 -1
    outer loop
      vertex 25.4595 71.3484 55
      vertex 25.3 71.1844 55
      vertex 25.4595 73.2516 55
    endloop
  endfacet
  facet normal 0 0 -1
    outer loop
      vertex 25.3 73.4156 55
      vertex 25.4595 73.2516 55
      vertex 25.3 71.1844 55
    endloop
  endfacet
  facet normal 0 0 -1
    outer loop
      vertex 25.4595 73.2516 55
      vertex 25.3 73.4156 55
      vertex 25.3607 73.3607 55
    endloop
  endfacet
  facet normal 0.989174 0.146746 0
    outer loop
      vertex -6.20722 72.447 63
      vertex -6.22882 72.5926 60
      vertex -6.22882 72.5926 63
    endloop
  endfacet
  facet normal 0.989174 0.146746 0
    outer loop
      vertex -6.22882 72.5926 60
      vertex -6.20722 72.447 63
      vertex -6.20722 72.447 60
    endloop
  endfacet
  facet normal 0.998796 0.0490565 0
    outer loop
      vertex -6.2 72.3 63
      vertex -6.20722 72.447 60
      vertex -6.20722 72.447 63
    endloop
  endfacet
  facet normal 0.998796 0.0490565 0
    outer loop
      vertex -6.20722 72.447 60
      vertex -6.2 72.3 63
      vertex -6.2 72.3 60
    endloop
  endfacet
  facet normal 0.970031 0.242983 0
    outer loop
      vertex -6.22882 72.5926 63
      vertex -6.26459 72.7354 60
      vertex -6.26459 72.7354 63
    endloop
  endfacet
  facet normal 0.970031 0.242983 0
    outer loop
      vertex -6.26459 72.7354 60
      vertex -6.22882 72.5926 63
      vertex -6.22882 72.5926 60
    endloop
  endfacet
  facet normal -0.989174 -0.146746 0
    outer loop
      vertex -9.17118 72.0074 55
      vertex -9.19278 72.153 63
      vertex -9.19278 72.153 55
    endloop
  endfacet
  facet normal -0.989174 -0.146746 0
    outer loop
      vertex -9.19278 72.153 63
      vertex -9.17118 72.0074 55
      vertex -9.17118 72.0074 63
    endloop
  endfacet
  facet normal -0.741027 0.671475 0
    outer loop
      vertex -8.85952 73.2516 55
      vertex -8.76066 73.3607 63
      vertex -8.76066 73.3607 55
    endloop
  endfacet
  facet normal -0.741027 0.671475 0
    outer loop
      vertex -8.76066 73.3607 63
      vertex -8.85952 73.2516 55
      vertex -8.85952 73.2516 63
    endloop
  endfacet
  facet normal 0.427347 -0.904088 0
    outer loop
      vertex -7.12597 70.9142 60
      vertex -6.9929 70.9771 63
      vertex -7.12597 70.9142 63
    endloop
  endfacet
  facet normal 0.427347 -0.904088 0
    outer loop
      vertex -6.9929 70.9771 63
      vertex -7.12597 70.9142 60
      vertex -6.9929 70.9771 60
    endloop
  endfacet
  facet normal 0.989174 -0.146746 0
    outer loop
      vertex -6.22882 72.0074 63
      vertex -6.20722 72.153 60
      vertex -6.20722 72.153 63
    endloop
  endfacet
  facet normal 0.989174 -0.146746 0
    outer loop
      vertex -6.20722 72.153 60
      vertex -6.22882 72.0074 63
      vertex -6.22882 72.0074 60
    endloop
  endfacet
  facet normal -0.90402 -0.427491 0
    outer loop
      vertex -9.02288 71.5929 55
      vertex -9.08582 71.726 63
      vertex -9.08582 71.726 55
    endloop
  endfacet
  facet normal -0.90402 -0.427491 0
    outer loop
      vertex -9.08582 71.726 63
      vertex -9.02288 71.5929 55
      vertex -9.02288 71.5929 63
    endloop
  endfacet
  facet normal 0.048911 -0.998803 0
    outer loop
      vertex -7.7 70.8 60
      vertex -7.55297 70.8072 63
      vertex -7.7 70.8 63
    endloop
  endfacet
  facet normal 0.048911 -0.998803 0
    outer loop
      vertex -7.55297 70.8072 63
      vertex -7.7 70.8 60
      vertex -7.55297 70.8072 60
    endloop
  endfacet
  facet normal 0.514216 -0.857661 0
    outer loop
      vertex -6.9929 70.9771 60
      vertex -6.86664 71.0528 63
      vertex -6.9929 70.9771 63
    endloop
  endfacet
  facet normal 0.514216 -0.857661 0
    outer loop
      vertex -6.86664 71.0528 63
      vertex -6.9929 70.9771 60
      vertex -6.86664 71.0528 60
    endloop
  endfacet
  facet normal 0.90402 0.427491 0
    outer loop
      vertex -6.31418 72.874 63
      vertex -6.37712 73.0071 60
      vertex -6.37712 73.0071 63
    endloop
  endfacet
  facet normal 0.90402 0.427491 0
    outer loop
      vertex -6.37712 73.0071 60
      vertex -6.31418 72.874 63
      vertex -6.31418 72.874 60
    endloop
  endfacet
  facet normal 0.941548 -0.336879 0
    outer loop
      vertex -6.31418 71.726 63
      vertex -6.26459 71.8646 60
      vertex -6.26459 71.8646 63
    endloop
  endfacet
  facet normal 0.941548 -0.336879 0
    outer loop
      vertex -6.26459 71.8646 60
      vertex -6.31418 71.726 63
      vertex -6.31418 71.726 60
    endloop
  endfacet
  facet normal -0.970031 0.242983 0
    outer loop
      vertex -9.17118 72.5926 55
      vertex -9.13541 72.7354 63
      vertex -9.13541 72.7354 55
    endloop
  endfacet
  facet normal -0.970031 0.242983 0
    outer loop
      vertex -9.13541 72.7354 63
      vertex -9.17118 72.5926 55
      vertex -9.17118 72.5926 63
    endloop
  endfacet
  facet normal 0.595764 0.80316 -0
    outer loop
      vertex -6.74841 73.4595 60
      vertex -6.86664 73.5472 63
      vertex -6.74841 73.4595 63
    endloop
  endfacet
  facet normal 0.595764 0.80316 0
    outer loop
      vertex -6.86664 73.5472 63
      vertex -6.74841 73.4595 60
      vertex -6.86664 73.5472 60
    endloop
  endfacet
  facet normal -0.671353 -0.741138 -1.19253e-05
    outer loop
      vertex -8.76066 71.2393 63
      vertex -8.7 71.1844 60
      vertex -8.65159 71.1405 63
    endloop
  endfacet
  facet normal -0.671029 -0.741432 0
    outer loop
      vertex -8.76066 71.2393 55
      vertex -8.7 71.1844 60
      vertex -8.76066 71.2393 63
    endloop
  endfacet
  facet normal -0.671029 -0.741432 -0
    outer loop
      vertex -8.7 71.1844 60
      vertex -8.76066 71.2393 55
      vertex -8.7 71.1844 55
    endloop
  endfacet
  facet normal -0.671758 -0.74077 -0
    outer loop
      vertex -8.65159 71.1405 63
      vertex -8.7 71.1844 60
      vertex -8.65159 71.1405 60
    endloop
  endfacet
  facet normal -0.243175 -0.969982 0
    outer loop
      vertex -8.13543 70.8646 60
      vertex -7.99263 70.8288 63
      vertex -8.13543 70.8646 63
    endloop
  endfacet
  facet normal -0.243175 -0.969982 -0
    outer loop
      vertex -7.99263 70.8288 63
      vertex -8.13543 70.8646 60
      vertex -7.99263 70.8288 60
    endloop
  endfacet
  facet normal -0.671758 0.74077 0
    outer loop
      vertex -8.7 73.4156 60
      vertex -8.65159 73.4595 63
      vertex -8.65159 73.4595 60
    endloop
  endfacet
  facet normal -0.671353 0.741138 -1.19253e-05
    outer loop
      vertex -8.65159 73.4595 63
      vertex -8.7 73.4156 60
      vertex -8.76066 73.3607 63
    endloop
  endfacet
  facet normal -0.671029 0.741432 0
    outer loop
      vertex -8.76066 73.3607 55
      vertex -8.7 73.4156 60
      vertex -8.7 73.4156 55
    endloop
  endfacet
  facet normal -0.671029 0.741432 0
    outer loop
      vertex -8.7 73.4156 60
      vertex -8.76066 73.3607 55
      vertex -8.76066 73.3607 63
    endloop
  endfacet
  facet normal -0.970031 -0.242983 0
    outer loop
      vertex -9.13541 71.8646 55
      vertex -9.17118 72.0074 63
      vertex -9.17118 72.0074 55
    endloop
  endfacet
  facet normal -0.970031 -0.242983 0
    outer loop
      vertex -9.17118 72.0074 63
      vertex -9.13541 71.8646 55
      vertex -9.13541 71.8646 63
    endloop
  endfacet
  facet normal 0.803153 0.595773 0
    outer loop
      vertex -6.4528 73.1334 63
      vertex -6.54048 73.2516 60
      vertex -6.54048 73.2516 63
    endloop
  endfacet
  facet normal 0.803153 0.595773 0
    outer loop
      vertex -6.54048 73.2516 60
      vertex -6.4528 73.1334 63
      vertex -6.4528 73.1334 60
    endloop
  endfacet
  facet normal 0.941548 0.336879 0
    outer loop
      vertex -6.26459 72.7354 63
      vertex -6.31418 72.874 60
      vertex -6.31418 72.874 63
    endloop
  endfacet
  facet normal 0.941548 0.336879 0
    outer loop
      vertex -6.31418 72.874 60
      vertex -6.26459 72.7354 63
      vertex -6.26459 72.7354 60
    endloop
  endfacet
  facet normal 0.514216 0.857661 -0
    outer loop
      vertex -6.86664 73.5472 60
      vertex -6.9929 73.6229 63
      vertex -6.86664 73.5472 63
    endloop
  endfacet
  facet normal 0.514216 0.857661 0
    outer loop
      vertex -6.9929 73.6229 63
      vertex -6.86664 73.5472 60
      vertex -6.9929 73.6229 60
    endloop
  endfacet
  facet normal -0.514216 0.857661 0
    outer loop
      vertex -8.40709 73.6229 60
      vertex -8.53335 73.5472 63
      vertex -8.40709 73.6229 63
    endloop
  endfacet
  facet normal -0.514216 0.857661 0
    outer loop
      vertex -8.53335 73.5472 63
      vertex -8.40709 73.6229 60
      vertex -8.53335 73.5472 60
    endloop
  endfacet
  facet normal 0.998796 -0.0490565 0
    outer loop
      vertex -6.20722 72.153 63
      vertex -6.2 72.3 60
      vertex -6.2 72.3 63
    endloop
  endfacet
  facet normal 0.998796 -0.0490565 0
    outer loop
      vertex -6.2 72.3 60
      vertex -6.20722 72.153 63
      vertex -6.20722 72.153 60
    endloop
  endfacet
  facet normal -0.146736 0.989176 0
    outer loop
      vertex -7.84702 73.7928 60
      vertex -7.99263 73.7712 63
      vertex -7.84702 73.7928 63
    endloop
  endfacet
  facet normal -0.146736 0.989176 0
    outer loop
      vertex -7.99263 73.7712 63
      vertex -7.84702 73.7928 60
      vertex -7.99263 73.7712 60
    endloop
  endfacet
  facet normal 0.857792 -0.513996 0
    outer loop
      vertex -6.4528 71.4666 63
      vertex -6.37712 71.5929 60
      vertex -6.37712 71.5929 63
    endloop
  endfacet
  facet normal 0.857792 -0.513996 0
    outer loop
      vertex -6.37712 71.5929 60
      vertex -6.4528 71.4666 63
      vertex -6.4528 71.4666 60
    endloop
  endfacet
  facet normal -0.803153 0.595773 0
    outer loop
      vertex -8.9472 73.1334 55
      vertex -8.85952 73.2516 63
      vertex -8.85952 73.2516 55
    endloop
  endfacet
  facet normal -0.803153 0.595773 0
    outer loop
      vertex -8.85952 73.2516 63
      vertex -8.9472 73.1334 55
      vertex -8.9472 73.1334 63
    endloop
  endfacet
  facet normal -0.33696 0.941519 0
    outer loop
      vertex -8.13543 73.7354 60
      vertex -8.27402 73.6858 63
      vertex -8.13543 73.7354 63
    endloop
  endfacet
  facet normal -0.33696 0.941519 0
    outer loop
      vertex -8.27402 73.6858 63
      vertex -8.13543 73.7354 60
      vertex -8.27402 73.6858 60
    endloop
  endfacet
  facet normal -0.998796 -0.0490565 0
    outer loop
      vertex -9.19278 72.153 55
      vertex -9.2 72.3 63
      vertex -9.2 72.3 55
    endloop
  endfacet
  facet normal -0.998796 -0.0490565 0
    outer loop
      vertex -9.2 72.3 63
      vertex -9.19278 72.153 55
      vertex -9.19278 72.153 63
    endloop
  endfacet
  facet normal 0.146736 0.989176 -0
    outer loop
      vertex -7.40736 73.7712 60
      vertex -7.55297 73.7928 63
      vertex -7.40736 73.7712 63
    endloop
  endfacet
  facet normal 0.146736 0.989176 0
    outer loop
      vertex -7.55297 73.7928 63
      vertex -7.40736 73.7712 60
      vertex -7.55297 73.7928 60
    endloop
  endfacet
  facet normal -0.146736 -0.989176 0
    outer loop
      vertex -7.99263 70.8288 60
      vertex -7.84702 70.8072 63
      vertex -7.99263 70.8288 63
    endloop
  endfacet
  facet normal -0.146736 -0.989176 -0
    outer loop
      vertex -7.84702 70.8072 63
      vertex -7.99263 70.8288 60
      vertex -7.84702 70.8072 60
    endloop
  endfacet
  facet normal -0.427347 -0.904088 0
    outer loop
      vertex -8.40709 70.9771 60
      vertex -8.27402 70.9142 63
      vertex -8.40709 70.9771 63
    endloop
  endfacet
  facet normal -0.427347 -0.904088 -0
    outer loop
      vertex -8.27402 70.9142 63
      vertex -8.40709 70.9771 60
      vertex -8.27402 70.9142 60
    endloop
  endfacet
  facet normal 0.970031 -0.242983 0
    outer loop
      vertex -6.26459 71.8646 63
      vertex -6.22882 72.0074 60
      vertex -6.22882 72.0074 63
    endloop
  endfacet
  facet normal 0.970031 -0.242983 0
    outer loop
      vertex -6.22882 72.0074 60
      vertex -6.26459 71.8646 63
      vertex -6.26459 71.8646 60
    endloop
  endfacet
  facet normal -0.741027 -0.671475 0
    outer loop
      vertex -8.76066 71.2393 55
      vertex -8.85952 71.3484 63
      vertex -8.85952 71.3484 55
    endloop
  endfacet
  facet normal -0.741027 -0.671475 0
    outer loop
      vertex -8.85952 71.3484 63
      vertex -8.76066 71.2393 55
      vertex -8.76066 71.2393 63
    endloop
  endfacet
  facet normal 0.336939 0.941527 -0
    outer loop
      vertex -7.12597 73.6858 60
      vertex -7.26457 73.7354 63
      vertex -7.12597 73.6858 63
    endloop
  endfacet
  facet normal 0.336939 0.941527 0
    outer loop
      vertex -7.26457 73.7354 63
      vertex -7.12597 73.6858 60
      vertex -7.26457 73.7354 60
    endloop
  endfacet
  facet normal 0.146736 -0.989176 0
    outer loop
      vertex -7.55297 70.8072 60
      vertex -7.40736 70.8288 63
      vertex -7.55297 70.8072 63
    endloop
  endfacet
  facet normal 0.146736 -0.989176 0
    outer loop
      vertex -7.40736 70.8288 63
      vertex -7.55297 70.8072 60
      vertex -7.40736 70.8288 60
    endloop
  endfacet
  facet normal 0.741027 -0.671475 0
    outer loop
      vertex -6.63934 71.2393 63
      vertex -6.54048 71.3484 60
      vertex -6.54048 71.3484 63
    endloop
  endfacet
  facet normal 0.741027 -0.671475 0
    outer loop
      vertex -6.54048 71.3484 60
      vertex -6.63934 71.2393 63
      vertex -6.63934 71.2393 60
    endloop
  endfacet
  facet normal 0.803153 -0.595773 0
    outer loop
      vertex -6.54048 71.3484 63
      vertex -6.4528 71.4666 60
      vertex -6.4528 71.4666 63
    endloop
  endfacet
  facet normal 0.803153 -0.595773 0
    outer loop
      vertex -6.4528 71.4666 60
      vertex -6.54048 71.3484 63
      vertex -6.54048 71.3484 60
    endloop
  endfacet
  facet normal 0.90402 -0.427491 0
    outer loop
      vertex -6.37712 71.5929 63
      vertex -6.31418 71.726 60
      vertex -6.31418 71.726 63
    endloop
  endfacet
  facet normal 0.90402 -0.427491 0
    outer loop
      vertex -6.31418 71.726 60
      vertex -6.37712 71.5929 63
      vertex -6.37712 71.5929 60
    endloop
  endfacet
  facet normal 0.427347 0.904088 -0
    outer loop
      vertex -6.9929 73.6229 60
      vertex -7.12597 73.6858 63
      vertex -6.9929 73.6229 63
    endloop
  endfacet
  facet normal 0.427347 0.904088 0
    outer loop
      vertex -7.12597 73.6858 63
      vertex -6.9929 73.6229 60
      vertex -7.12597 73.6858 60
    endloop
  endfacet
  facet normal -0.595731 0.803184 0
    outer loop
      vertex -8.53335 73.5472 60
      vertex -8.65159 73.4595 63
      vertex -8.53335 73.5472 63
    endloop
  endfacet
  facet normal -0.595731 0.803184 0
    outer loop
      vertex -8.65159 73.4595 63
      vertex -8.53335 73.5472 60
      vertex -8.65159 73.4595 60
    endloop
  endfacet
  facet normal -0.427347 0.904088 0
    outer loop
      vertex -8.27402 73.6858 60
      vertex -8.40709 73.6229 63
      vertex -8.27402 73.6858 63
    endloop
  endfacet
  facet normal -0.427347 0.904088 0
    outer loop
      vertex -8.40709 73.6229 63
      vertex -8.27402 73.6858 60
      vertex -8.40709 73.6229 60
    endloop
  endfacet
  facet normal 0.857792 0.513996 0
    outer loop
      vertex -6.37712 73.0071 63
      vertex -6.4528 73.1334 60
      vertex -6.4528 73.1334 63
    endloop
  endfacet
  facet normal 0.857792 0.513996 0
    outer loop
      vertex -6.4528 73.1334 60
      vertex -6.37712 73.0071 63
      vertex -6.37712 73.0071 60
    endloop
  endfacet
  facet normal -0.0489143 0.998803 0
    outer loop
      vertex -7.7 73.8 60
      vertex -7.84702 73.7928 63
      vertex -7.7 73.8 63
    endloop
  endfacet
  facet normal -0.0489143 0.998803 0
    outer loop
      vertex -7.84702 73.7928 63
      vertex -7.7 73.8 60
      vertex -7.84702 73.7928 60
    endloop
  endfacet
  facet normal -0.941548 0.336879 0
    outer loop
      vertex -9.13541 72.7354 55
      vertex -9.08582 72.874 63
      vertex -9.08582 72.874 55
    endloop
  endfacet
  facet normal -0.941548 0.336879 0
    outer loop
      vertex -9.08582 72.874 63
      vertex -9.13541 72.7354 55
      vertex -9.13541 72.7354 63
    endloop
  endfacet
  facet normal 0.048911 0.998803 -0
    outer loop
      vertex -7.55297 73.7928 60
      vertex -7.7 73.8 63
      vertex -7.55297 73.7928 63
    endloop
  endfacet
  facet normal 0.048911 0.998803 0
    outer loop
      vertex -7.7 73.8 63
      vertex -7.55297 73.7928 60
      vertex -7.7 73.8 60
    endloop
  endfacet
  facet normal -0.514216 -0.857661 0
    outer loop
      vertex -8.53335 71.0528 60
      vertex -8.40709 70.9771 63
      vertex -8.53335 71.0528 63
    endloop
  endfacet
  facet normal -0.514216 -0.857661 -0
    outer loop
      vertex -8.40709 70.9771 63
      vertex -8.53335 71.0528 60
      vertex -8.40709 70.9771 60
    endloop
  endfacet
  facet normal -0.941548 -0.336879 0
    outer loop
      vertex -9.08582 71.726 55
      vertex -9.13541 71.8646 63
      vertex -9.13541 71.8646 55
    endloop
  endfacet
  facet normal -0.941548 -0.336879 0
    outer loop
      vertex -9.13541 71.8646 63
      vertex -9.08582 71.726 55
      vertex -9.08582 71.726 63
    endloop
  endfacet
  facet normal -0.857792 -0.513996 0
    outer loop
      vertex -8.9472 71.4666 55
      vertex -9.02288 71.5929 63
      vertex -9.02288 71.5929 55
    endloop
  endfacet
  facet normal -0.857792 -0.513996 0
    outer loop
      vertex -9.02288 71.5929 63
      vertex -8.9472 71.4666 55
      vertex -8.9472 71.4666 63
    endloop
  endfacet
  facet normal 0.243191 0.969978 -0
    outer loop
      vertex -7.26457 73.7354 60
      vertex -7.40736 73.7712 63
      vertex -7.26457 73.7354 63
    endloop
  endfacet
  facet normal 0.243191 0.969978 0
    outer loop
      vertex -7.40736 73.7712 63
      vertex -7.26457 73.7354 60
      vertex -7.40736 73.7712 60
    endloop
  endfacet
  facet normal -0.243175 0.969982 0
    outer loop
      vertex -7.99263 73.7712 60
      vertex -8.13543 73.7354 63
      vertex -7.99263 73.7712 63
    endloop
  endfacet
  facet normal -0.243175 0.969982 0
    outer loop
      vertex -8.13543 73.7354 63
      vertex -7.99263 73.7712 60
      vertex -8.13543 73.7354 60
    endloop
  endfacet
  facet normal 0.741027 0.671475 0
    outer loop
      vertex -6.54048 73.2516 63
      vertex -6.63934 73.3607 60
      vertex -6.63934 73.3607 63
    endloop
  endfacet
  facet normal 0.741027 0.671475 0
    outer loop
      vertex -6.63934 73.3607 60
      vertex -6.54048 73.2516 63
      vertex -6.54048 73.2516 60
    endloop
  endfacet
  facet normal 0.595764 -0.80316 0
    outer loop
      vertex -6.86664 71.0528 60
      vertex -6.74841 71.1405 63
      vertex -6.86664 71.0528 63
    endloop
  endfacet
  facet normal 0.595764 -0.80316 0
    outer loop
      vertex -6.74841 71.1405 63
      vertex -6.86664 71.0528 60
      vertex -6.74841 71.1405 60
    endloop
  endfacet
  facet normal 0.336939 -0.941527 0
    outer loop
      vertex -7.26457 70.8646 60
      vertex -7.12597 70.9142 63
      vertex -7.26457 70.8646 63
    endloop
  endfacet
  facet normal 0.336939 -0.941527 0
    outer loop
      vertex -7.12597 70.9142 63
      vertex -7.26457 70.8646 60
      vertex -7.12597 70.9142 60
    endloop
  endfacet
  facet normal 0.243191 -0.969978 0
    outer loop
      vertex -7.40736 70.8288 60
      vertex -7.26457 70.8646 63
      vertex -7.40736 70.8288 63
    endloop
  endfacet
  facet normal 0.243191 -0.969978 0
    outer loop
      vertex -7.26457 70.8646 63
      vertex -7.40736 70.8288 60
      vertex -7.26457 70.8646 60
    endloop
  endfacet
  facet normal -0.90402 0.427491 0
    outer loop
      vertex -9.08582 72.874 55
      vertex -9.02288 73.0071 63
      vertex -9.02288 73.0071 55
    endloop
  endfacet
  facet normal -0.90402 0.427491 0
    outer loop
      vertex -9.02288 73.0071 63
      vertex -9.08582 72.874 55
      vertex -9.08582 72.874 63
    endloop
  endfacet
  facet normal -0.803153 -0.595773 0
    outer loop
      vertex -8.85952 71.3484 55
      vertex -8.9472 71.4666 63
      vertex -8.9472 71.4666 55
    endloop
  endfacet
  facet normal -0.803153 -0.595773 0
    outer loop
      vertex -8.9472 71.4666 63
      vertex -8.85952 71.3484 55
      vertex -8.85952 71.3484 63
    endloop
  endfacet
  facet normal -0.857792 0.513996 0
    outer loop
      vertex -9.02288 73.0071 55
      vertex -8.9472 73.1334 63
      vertex -8.9472 73.1334 55
    endloop
  endfacet
  facet normal -0.857792 0.513996 0
    outer loop
      vertex -8.9472 73.1334 63
      vertex -9.02288 73.0071 55
      vertex -9.02288 73.0071 63
    endloop
  endfacet
  facet normal 0.671353 0.741138 -0
    outer loop
      vertex -6.63934 73.3607 60
      vertex -6.74841 73.4595 63
      vertex -6.63934 73.3607 63
    endloop
  endfacet
  facet normal 0.671353 0.741138 0
    outer loop
      vertex -6.74841 73.4595 63
      vertex -6.63934 73.3607 60
      vertex -6.74841 73.4595 60
    endloop
  endfacet
  facet normal -0.989174 0.146746 0
    outer loop
      vertex -9.19278 72.447 55
      vertex -9.17118 72.5926 63
      vertex -9.17118 72.5926 55
    endloop
  endfacet
  facet normal -0.989174 0.146746 0
    outer loop
      vertex -9.17118 72.5926 63
      vertex -9.19278 72.447 55
      vertex -9.19278 72.447 63
    endloop
  endfacet
  facet normal -0.595731 -0.803184 0
    outer loop
      vertex -8.65159 71.1405 60
      vertex -8.53335 71.0528 63
      vertex -8.65159 71.1405 63
    endloop
  endfacet
  facet normal -0.595731 -0.803184 -0
    outer loop
      vertex -8.53335 71.0528 63
      vertex -8.65159 71.1405 60
      vertex -8.53335 71.0528 60
    endloop
  endfacet
  facet normal -0.0489143 -0.998803 0
    outer loop
      vertex -7.84702 70.8072 60
      vertex -7.7 70.8 63
      vertex -7.84702 70.8072 63
    endloop
  endfacet
  facet normal -0.0489143 -0.998803 -0
    outer loop
      vertex -7.7 70.8 63
      vertex -7.84702 70.8072 60
      vertex -7.7 70.8 60
    endloop
  endfacet
  facet normal 0 0 1
    outer loop
      vertex -6.20722 72.447 63
      vertex -6.20722 72.153 63
      vertex -6.2 72.3 63
    endloop
  endfacet
  facet normal 0 0 1
    outer loop
      vertex -6.22882 72.5926 63
      vertex -6.20722 72.153 63
      vertex -6.20722 72.447 63
    endloop
  endfacet
  facet normal 0 0 1
    outer loop
      vertex -6.22882 72.5926 63
      vertex -6.22882 72.0074 63
      vertex -6.20722 72.153 63
    endloop
  endfacet
  facet normal 0 0 1
    outer loop
      vertex -6.26459 72.7354 63
      vertex -6.22882 72.0074 63
      vertex -6.22882 72.5926 63
    endloop
  endfacet
  facet normal 0 0 1
    outer loop
      vertex -6.26459 72.7354 63
      vertex -6.26459 71.8646 63
      vertex -6.22882 72.0074 63
    endloop
  endfacet
  facet normal 0 0 1
    outer loop
      vertex -6.31418 72.874 63
      vertex -6.26459 71.8646 63
      vertex -6.26459 72.7354 63
    endloop
  endfacet
  facet normal 0 0 1
    outer loop
      vertex -6.31418 72.874 63
      vertex -6.31418 71.726 63
      vertex -6.26459 71.8646 63
    endloop
  endfacet
  facet normal 0 0 1
    outer loop
      vertex -6.37712 73.0071 63
      vertex -6.31418 71.726 63
      vertex -6.31418 72.874 63
    endloop
  endfacet
  facet normal 0 0 1
    outer loop
      vertex -6.37712 73.0071 63
      vertex -6.37712 71.5929 63
      vertex -6.31418 71.726 63
    endloop
  endfacet
  facet normal 0 0 1
    outer loop
      vertex -6.4528 73.1334 63
      vertex -6.37712 71.5929 63
      vertex -6.37712 73.0071 63
    endloop
  endfacet
  facet normal 0 0 1
    outer loop
      vertex -6.4528 73.1334 63
      vertex -6.4528 71.4666 63
      vertex -6.37712 71.5929 63
    endloop
  endfacet
  facet normal 0 0 1
    outer loop
      vertex -6.54048 73.2516 63
      vertex -6.4528 71.4666 63
      vertex -6.4528 73.1334 63
    endloop
  endfacet
  facet normal 0 0 1
    outer loop
      vertex -6.54048 73.2516 63
      vertex -6.54048 71.3484 63
      vertex -6.4528 71.4666 63
    endloop
  endfacet
  facet normal 0 0 1
    outer loop
      vertex -6.63934 73.3607 63
      vertex -6.54048 71.3484 63
      vertex -6.54048 73.2516 63
    endloop
  endfacet
  facet normal 0 0 1
    outer loop
      vertex -6.63934 73.3607 63
      vertex -6.63934 71.2393 63
      vertex -6.54048 71.3484 63
    endloop
  endfacet
  facet normal 0 0 1
    outer loop
      vertex -6.74841 73.4595 63
      vertex -6.63934 71.2393 63
      vertex -6.63934 73.3607 63
    endloop
  endfacet
  facet normal 0 0 1
    outer loop
      vertex -6.74841 73.4595 63
      vertex -6.74841 71.1405 63
      vertex -6.63934 71.2393 63
    endloop
  endfacet
  facet normal 0 0 1
    outer loop
      vertex -6.86664 73.5472 63
      vertex -6.74841 71.1405 63
      vertex -6.74841 73.4595 63
    endloop
  endfacet
  facet normal 0 0 1
    outer loop
      vertex -6.86664 73.5472 63
      vertex -6.86664 71.0528 63
      vertex -6.74841 71.1405 63
    endloop
  endfacet
  facet normal 0 0 1
    outer loop
      vertex -6.9929 73.6229 63
      vertex -6.86664 71.0528 63
      vertex -6.86664 73.5472 63
    endloop
  endfacet
  facet normal 0 0 1
    outer loop
      vertex -6.9929 73.6229 63
      vertex -6.9929 70.9771 63
      vertex -6.86664 71.0528 63
    endloop
  endfacet
  facet normal 0 0 1
    outer loop
      vertex -7.12597 73.6858 63
      vertex -6.9929 70.9771 63
      vertex -6.9929 73.6229 63
    endloop
  endfacet
  facet normal 0 0 1
    outer loop
      vertex -7.12597 73.6858 63
      vertex -7.12597 70.9142 63
      vertex -6.9929 70.9771 63
    endloop
  endfacet
  facet normal 0 0 1
    outer loop
      vertex -7.26457 73.7354 63
      vertex -7.12597 70.9142 63
      vertex -7.12597 73.6858 63
    endloop
  endfacet
  facet normal 0 0 1
    outer loop
      vertex -7.26457 73.7354 63
      vertex -7.26457 70.8646 63
      vertex -7.12597 70.9142 63
    endloop
  endfacet
  facet normal 0 0 1
    outer loop
      vertex -7.40736 73.7712 63
      vertex -7.26457 70.8646 63
      vertex -7.26457 73.7354 63
    endloop
  endfacet
  facet normal 0 0 1
    outer loop
      vertex -7.40736 73.7712 63
      vertex -7.40736 70.8288 63
      vertex -7.26457 70.8646 63
    endloop
  endfacet
  facet normal 0 0 1
    outer loop
      vertex -7.55297 73.7928 63
      vertex -7.40736 70.8288 63
      vertex -7.40736 73.7712 63
    endloop
  endfacet
  facet normal 0 0 1
    outer loop
      vertex -7.55297 73.7928 63
      vertex -7.55297 70.8072 63
      vertex -7.40736 70.8288 63
    endloop
  endfacet
  facet normal 0 0 1
    outer loop
      vertex -7.7 73.8 63
      vertex -7.55297 70.8072 63
      vertex -7.55297 73.7928 63
    endloop
  endfacet
  facet normal 0 0 1
    outer loop
      vertex -7.7 73.8 63
      vertex -7.7 70.8 63
      vertex -7.55297 70.8072 63
    endloop
  endfacet
  facet normal -0 0 1
    outer loop
      vertex -7.84702 73.7928 63
      vertex -7.7 70.8 63
      vertex -7.7 73.8 63
    endloop
  endfacet
  facet normal 0 0 1
    outer loop
      vertex -7.84702 73.7928 63
      vertex -7.84702 70.8072 63
      vertex -7.7 70.8 63
    endloop
  endfacet
  facet normal -0 0 1
    outer loop
      vertex -7.99263 73.7712 63
      vertex -7.84702 70.8072 63
      vertex -7.84702 73.7928 63
    endloop
  endfacet
  facet normal 0 0 1
    outer loop
      vertex -7.99263 73.7712 63
      vertex -7.99263 70.8288 63
      vertex -7.84702 70.8072 63
    endloop
  endfacet
  facet normal -0 0 1
    outer loop
      vertex -8.13543 73.7354 63
      vertex -7.99263 70.8288 63
      vertex -7.99263 73.7712 63
    endloop
  endfacet
  facet normal 0 0 1
    outer loop
      vertex -8.13543 73.7354 63
      vertex -8.13543 70.8646 63
      vertex -7.99263 70.8288 63
    endloop
  endfacet
  facet normal -0 0 1
    outer loop
      vertex -8.27402 73.6858 63
      vertex -8.13543 70.8646 63
      vertex -8.13543 73.7354 63
    endloop
  endfacet
  facet normal 0 0 1
    outer loop
      vertex -8.27402 73.6858 63
      vertex -8.27402 70.9142 63
      vertex -8.13543 70.8646 63
    endloop
  endfacet
  facet normal -0 0 1
    outer loop
      vertex -8.40709 73.6229 63
      vertex -8.27402 70.9142 63
      vertex -8.27402 73.6858 63
    endloop
  endfacet
  facet normal 0 0 1
    outer loop
      vertex -8.40709 73.6229 63
      vertex -8.40709 70.9771 63
      vertex -8.27402 70.9142 63
    endloop
  endfacet
  facet normal -0 0 1
    outer loop
      vertex -8.53335 73.5472 63
      vertex -8.40709 70.9771 63
      vertex -8.40709 73.6229 63
    endloop
  endfacet
  facet normal 0 0 1
    outer loop
      vertex -8.53335 73.5472 63
      vertex -8.53335 71.0528 63
      vertex -8.40709 70.9771 63
    endloop
  endfacet
  facet normal -0 0 1
    outer loop
      vertex -8.65159 73.4595 63
      vertex -8.53335 71.0528 63
      vertex -8.53335 73.5472 63
    endloop
  endfacet
  facet normal 0 0 1
    outer loop
      vertex -8.65159 73.4595 63
      vertex -8.65159 71.1405 63
      vertex -8.53335 71.0528 63
    endloop
  endfacet
  facet normal -0 0 1
    outer loop
      vertex -8.76066 73.3607 63
      vertex -8.65159 71.1405 63
      vertex -8.65159 73.4595 63
    endloop
  endfacet
  facet normal 0 0 1
    outer loop
      vertex -8.76066 73.3607 63
      vertex -8.76066 71.2393 63
      vertex -8.65159 71.1405 63
    endloop
  endfacet
  facet normal -0 0 1
    outer loop
      vertex -8.85952 73.2516 63
      vertex -8.76066 71.2393 63
      vertex -8.76066 73.3607 63
    endloop
  endfacet
  facet normal 0 0 1
    outer loop
      vertex -8.85952 73.2516 63
      vertex -8.85952 71.3484 63
      vertex -8.76066 71.2393 63
    endloop
  endfacet
  facet normal -0 0 1
    outer loop
      vertex -8.9472 73.1334 63
      vertex -8.85952 71.3484 63
      vertex -8.85952 73.2516 63
    endloop
  endfacet
  facet normal 0 0 1
    outer loop
      vertex -8.9472 73.1334 63
      vertex -8.9472 71.4666 63
      vertex -8.85952 71.3484 63
    endloop
  endfacet
  facet normal -0 0 1
    outer loop
      vertex -9.02288 73.0071 63
      vertex -8.9472 71.4666 63
      vertex -8.9472 73.1334 63
    endloop
  endfacet
  facet normal 0 0 1
    outer loop
      vertex -9.02288 73.0071 63
      vertex -9.02288 71.5929 63
      vertex -8.9472 71.4666 63
    endloop
  endfacet
  facet normal -0 0 1
    outer loop
      vertex -9.08582 72.874 63
      vertex -9.02288 71.5929 63
      vertex -9.02288 73.0071 63
    endloop
  endfacet
  facet normal 0 0 1
    outer loop
      vertex -9.08582 72.874 63
      vertex -9.08582 71.726 63
      vertex -9.02288 71.5929 63
    endloop
  endfacet
  facet normal -0 0 1
    outer loop
      vertex -9.13541 72.7354 63
      vertex -9.08582 71.726 63
      vertex -9.08582 72.874 63
    endloop
  endfacet
  facet normal 0 0 1
    outer loop
      vertex -9.13541 72.7354 63
      vertex -9.13541 71.8646 63
      vertex -9.08582 71.726 63
    endloop
  endfacet
  facet normal -0 0 1
    outer loop
      vertex -9.17118 72.5926 63
      vertex -9.13541 71.8646 63
      vertex -9.13541 72.7354 63
    endloop
  endfacet
  facet normal 0 0 1
    outer loop
      vertex -9.17118 72.5926 63
      vertex -9.17118 72.0074 63
      vertex -9.13541 71.8646 63
    endloop
  endfacet
  facet normal -0 0 1
    outer loop
      vertex -9.19278 72.447 63
      vertex -9.17118 72.0074 63
      vertex -9.17118 72.5926 63
    endloop
  endfacet
  facet normal 0 0 1
    outer loop
      vertex -9.19278 72.447 63
      vertex -9.19278 72.153 63
      vertex -9.17118 72.0074 63
    endloop
  endfacet
  facet normal 0 -0 1
    outer loop
      vertex -9.19278 72.153 63
      vertex -9.19278 72.447 63
      vertex -9.2 72.3 63
    endloop
  endfacet
  facet normal -0.998796 0.0490565 0
    outer loop
      vertex -9.2 72.3 55
      vertex -9.19278 72.447 63
      vertex -9.19278 72.447 55
    endloop
  endfacet
  facet normal -0.998796 0.0490565 0
    outer loop
      vertex -9.19278 72.447 63
      vertex -9.2 72.3 55
      vertex -9.2 72.3 63
    endloop
  endfacet
  facet normal -0.33696 -0.941519 0
    outer loop
      vertex -8.27402 70.9142 60
      vertex -8.13543 70.8646 63
      vertex -8.27402 70.9142 63
    endloop
  endfacet
  facet normal -0.33696 -0.941519 -0
    outer loop
      vertex -8.13543 70.8646 63
      vertex -8.27402 70.9142 60
      vertex -8.13543 70.8646 60
    endloop
  endfacet
  facet normal 0.671353 -0.741138 0
    outer loop
      vertex -6.74841 71.1405 60
      vertex -6.63934 71.2393 63
      vertex -6.74841 71.1405 63
    endloop
  endfacet
  facet normal 0.671353 -0.741138 0
    outer loop
      vertex -6.63934 71.2393 63
      vertex -6.74841 71.1405 60
      vertex -6.63934 71.2393 60
    endloop
  endfacet
  facet normal 0.989174 0.146746 0
    outer loop
      vertex 25.7928 54.447 63
      vertex 25.7712 54.5926 55
      vertex 25.7712 54.5926 63
    endloop
  endfacet
  facet normal 0.989174 0.146746 0
    outer loop
      vertex 25.7712 54.5926 55
      vertex 25.7928 54.447 63
      vertex 25.7928 54.447 55
    endloop
  endfacet
  facet normal 0.998803 0.0489209 0
    outer loop
      vertex 25.8 54.3 63
      vertex 25.7928 54.447 55
      vertex 25.7928 54.447 63
    endloop
  endfacet
  facet normal 0.998803 0.0489209 0
    outer loop
      vertex 25.7928 54.447 55
      vertex 25.8 54.3 63
      vertex 25.8 54.3 55
    endloop
  endfacet
  facet normal 0.969982 0.243175 0
    outer loop
      vertex 25.7712 54.5926 63
      vertex 25.7354 54.7354 55
      vertex 25.7354 54.7354 63
    endloop
  endfacet
  facet normal 0.969982 0.243175 0
    outer loop
      vertex 25.7354 54.7354 55
      vertex 25.7712 54.5926 63
      vertex 25.7712 54.5926 55
    endloop
  endfacet
  facet normal -0.74123 0.671251 0
    outer loop
      vertex 23.1405 55.2516 60
      vertex 23.2393 55.3607 63
      vertex 23.2393 55.3607 60
    endloop
  endfacet
  facet normal -0.74123 0.671251 0
    outer loop
      vertex 23.2393 55.3607 63
      vertex 23.1405 55.2516 60
      vertex 23.1405 55.2516 63
    endloop
  endfacet
  facet normal 0.243175 0.969982 -0
    outer loop
      vertex 24.7354 55.7354 60
      vertex 24.5926 55.7712 63
      vertex 24.7354 55.7354 63
    endloop
  endfacet
  facet normal 0.243175 0.969982 0
    outer loop
      vertex 24.5926 55.7712 63
      vertex 24.7354 55.7354 60
      vertex 24.5926 55.7712 60
    endloop
  endfacet
  facet normal 0.427269 -0.904125 0
    outer loop
      vertex 24.874 52.9142 60
      vertex 25.0071 52.9771 63
      vertex 24.874 52.9142 63
    endloop
  endfacet
  facet normal 0.427269 -0.904125 0
    outer loop
      vertex 25.0071 52.9771 63
      vertex 24.874 52.9142 60
      vertex 25.0071 52.9771 60
    endloop
  endfacet
  facet normal 0.989174 -0.146746 0
    outer loop
      vertex 25.7712 54.0074 63
      vertex 25.7928 54.153 55
      vertex 25.7928 54.153 63
    endloop
  endfacet
  facet normal 0.989174 -0.146746 0
    outer loop
      vertex 25.7928 54.153 55
      vertex 25.7712 54.0074 63
      vertex 25.7712 54.0074 55
    endloop
  endfacet
  facet normal -0.336939 -0.941527 0
    outer loop
      vertex 23.726 52.9142 60
      vertex 23.8646 52.8646 63
      vertex 23.726 52.9142 63
    endloop
  endfacet
  facet normal -0.336939 -0.941527 -0
    outer loop
      vertex 23.8646 52.8646 63
      vertex 23.726 52.9142 60
      vertex 23.8646 52.8646 60
    endloop
  endfacet
  facet normal -0.904125 -0.427269 0
    outer loop
      vertex 22.9771 53.5929 60
      vertex 22.9142 53.726 63
      vertex 22.9142 53.726 60
    endloop
  endfacet
  facet normal -0.904125 -0.427269 0
    outer loop
      vertex 22.9142 53.726 63
      vertex 22.9771 53.5929 60
      vertex 22.9771 53.5929 63
    endloop
  endfacet
  facet normal 0.0489209 -0.998803 0
    outer loop
      vertex 24.3 52.8 60
      vertex 24.447 52.8072 63
      vertex 24.3 52.8 63
    endloop
  endfacet
  facet normal 0.0489209 -0.998803 0
    outer loop
      vertex 24.447 52.8072 63
      vertex 24.3 52.8 60
      vertex 24.447 52.8072 60
    endloop
  endfacet
  facet normal 0.514096 -0.857733 0
    outer loop
      vertex 25.0071 52.9771 60
      vertex 25.1334 53.0528 63
      vertex 25.0071 52.9771 63
    endloop
  endfacet
  facet normal 0.514096 -0.857733 0
    outer loop
      vertex 25.1334 53.0528 63
      vertex 25.0071 52.9771 60
      vertex 25.1334 53.0528 60
    endloop
  endfacet
  facet normal 0.904125 0.427269 0
    outer loop
      vertex 25.6858 54.874 63
      vertex 25.6229 55.0071 55
      vertex 25.6229 55.0071 63
    endloop
  endfacet
  facet normal 0.904125 0.427269 0
    outer loop
      vertex 25.6229 55.0071 55
      vertex 25.6858 54.874 63
      vertex 25.6858 54.874 55
    endloop
  endfacet
  facet normal 0.941527 -0.336939 0
    outer loop
      vertex 25.6858 53.726 63
      vertex 25.7354 53.8646 55
      vertex 25.7354 53.8646 63
    endloop
  endfacet
  facet normal 0.941527 -0.336939 0
    outer loop
      vertex 25.7354 53.8646 55
      vertex 25.6858 53.726 63
      vertex 25.6858 53.726 55
    endloop
  endfacet
  facet normal 0.595861 0.803088 -0
    outer loop
      vertex 25.2516 55.4595 60
      vertex 25.1334 55.5472 63
      vertex 25.2516 55.4595 63
    endloop
  endfacet
  facet normal 0.595861 0.803088 0
    outer loop
      vertex 25.1334 55.5472 63
      vertex 25.2516 55.4595 60
      vertex 25.1334 55.5472 60
    endloop
  endfacet
  facet normal -0.671251 -0.74123 0
    outer loop
      vertex 23.2393 53.2393 60
      vertex 23.3484 53.1405 63
      vertex 23.2393 53.2393 63
    endloop
  endfacet
  facet normal -0.671251 -0.74123 -0
    outer loop
      vertex 23.3484 53.1405 63
      vertex 23.2393 53.2393 60
      vertex 23.3484 53.1405 60
    endloop
  endfacet
  facet normal -0.243175 -0.969982 0
    outer loop
      vertex 23.8646 52.8646 60
      vertex 24.0074 52.8288 63
      vertex 23.8646 52.8646 63
    endloop
  endfacet
  facet normal -0.243175 -0.969982 -0
    outer loop
      vertex 24.0074 52.8288 63
      vertex 23.8646 52.8646 60
      vertex 24.0074 52.8288 60
    endloop
  endfacet
  facet normal -0.671251 0.74123 0
    outer loop
      vertex 23.3484 55.4595 60
      vertex 23.2393 55.3607 63
      vertex 23.3484 55.4595 63
    endloop
  endfacet
  facet normal -0.671251 0.74123 0
    outer loop
      vertex 23.2393 55.3607 63
      vertex 23.3484 55.4595 60
      vertex 23.2393 55.3607 60
    endloop
  endfacet
  facet normal -0.969982 -0.243175 0
    outer loop
      vertex 22.8646 53.8646 60
      vertex 22.8288 54.0074 63
      vertex 22.8288 54.0074 60
    endloop
  endfacet
  facet normal -0.969982 -0.243175 0
    outer loop
      vertex 22.8288 54.0074 63
      vertex 22.8646 53.8646 60
      vertex 22.8646 53.8646 63
    endloop
  endfacet
  facet normal 0.803088 0.595861 0
    outer loop
      vertex 25.5472 55.1334 63
      vertex 25.4595 55.2516 55
      vertex 25.4595 55.2516 63
    endloop
  endfacet
  facet normal 0.803088 0.595861 0
    outer loop
      vertex 25.4595 55.2516 55
      vertex 25.5472 55.1334 63
      vertex 25.5472 55.1334 55
    endloop
  endfacet
  facet normal 0.941527 0.336939 0
    outer loop
      vertex 25.7354 54.7354 63
      vertex 25.6858 54.874 55
      vertex 25.6858 54.874 63
    endloop
  endfacet
  facet normal 0.941527 0.336939 0
    outer loop
      vertex 25.6858 54.874 55
      vertex 25.7354 54.7354 63
      vertex 25.7354 54.7354 55
    endloop
  endfacet
  facet normal 0.514096 0.857733 -0
    outer loop
      vertex 25.1334 55.5472 60
      vertex 25.0071 55.6229 63
      vertex 25.1334 55.5472 63
    endloop
  endfacet
  facet normal 0.514096 0.857733 0
    outer loop
      vertex 25.0071 55.6229 63
      vertex 25.1334 55.5472 60
      vertex 25.0071 55.6229 60
    endloop
  endfacet
  facet normal -0.514096 0.857733 0
    outer loop
      vertex 23.5929 55.6229 60
      vertex 23.4666 55.5472 63
      vertex 23.5929 55.6229 63
    endloop
  endfacet
  facet normal -0.514096 0.857733 0
    outer loop
      vertex 23.4666 55.5472 63
      vertex 23.5929 55.6229 60
      vertex 23.4666 55.5472 60
    endloop
  endfacet
  facet normal 0.998803 -0.0489209 0
    outer loop
      vertex 25.7928 54.153 63
      vertex 25.8 54.3 55
      vertex 25.8 54.3 63
    endloop
  endfacet
  facet normal 0.998803 -0.0489209 0
    outer loop
      vertex 25.8 54.3 55
      vertex 25.7928 54.153 63
      vertex 25.7928 54.153 55
    endloop
  endfacet
  facet normal -0.146746 0.989174 0
    outer loop
      vertex 24.153 55.7928 60
      vertex 24.0074 55.7712 63
      vertex 24.153 55.7928 63
    endloop
  endfacet
  facet normal -0.146746 0.989174 0
    outer loop
      vertex 24.0074 55.7712 63
      vertex 24.153 55.7928 60
      vertex 24.0074 55.7712 60
    endloop
  endfacet
  facet normal 0.857733 -0.514096 0
    outer loop
      vertex 25.5472 53.4666 63
      vertex 25.6229 53.5929 55
      vertex 25.6229 53.5929 63
    endloop
  endfacet
  facet normal 0.857733 -0.514096 0
    outer loop
      vertex 25.6229 53.5929 55
      vertex 25.5472 53.4666 63
      vertex 25.5472 53.4666 55
    endloop
  endfacet
  facet normal -0.803088 0.595861 0
    outer loop
      vertex 23.0528 55.1334 60
      vertex 23.1405 55.2516 63
      vertex 23.1405 55.2516 60
    endloop
  endfacet
  facet normal -0.803088 0.595861 0
    outer loop
      vertex 23.1405 55.2516 63
      vertex 23.0528 55.1334 60
      vertex 23.0528 55.1334 63
    endloop
  endfacet
  facet normal -0.336939 0.941527 0
    outer loop
      vertex 23.8646 55.7354 60
      vertex 23.726 55.6858 63
      vertex 23.8646 55.7354 63
    endloop
  endfacet
  facet normal -0.336939 0.941527 0
    outer loop
      vertex 23.726 55.6858 63
      vertex 23.8646 55.7354 60
      vertex 23.726 55.6858 60
    endloop
  endfacet
  facet normal -0.998803 -0.0489209 0
    outer loop
      vertex 22.8072 54.153 60
      vertex 22.8 54.3 63
      vertex 22.8 54.3 60
    endloop
  endfacet
  facet normal -0.998803 -0.0489209 0
    outer loop
      vertex 22.8 54.3 63
      vertex 22.8072 54.153 60
      vertex 22.8072 54.153 63
    endloop
  endfacet
  facet normal 0.146746 0.989174 -0
    outer loop
      vertex 24.5926 55.7712 60
      vertex 24.447 55.7928 63
      vertex 24.5926 55.7712 63
    endloop
  endfacet
  facet normal 0.146746 0.989174 0
    outer loop
      vertex 24.447 55.7928 63
      vertex 24.5926 55.7712 60
      vertex 24.447 55.7928 60
    endloop
  endfacet
  facet normal -0.146746 -0.989174 0
    outer loop
      vertex 24.0074 52.8288 60
      vertex 24.153 52.8072 63
      vertex 24.0074 52.8288 63
    endloop
  endfacet
  facet normal -0.146746 -0.989174 -0
    outer loop
      vertex 24.153 52.8072 63
      vertex 24.0074 52.8288 60
      vertex 24.153 52.8072 60
    endloop
  endfacet
  facet normal -0.427269 -0.904125 0
    outer loop
      vertex 23.5929 52.9771 60
      vertex 23.726 52.9142 63
      vertex 23.5929 52.9771 63
    endloop
  endfacet
  facet normal -0.427269 -0.904125 -0
    outer loop
      vertex 23.726 52.9142 63
      vertex 23.5929 52.9771 60
      vertex 23.726 52.9142 60
    endloop
  endfacet
  facet normal 0.969982 -0.243175 0
    outer loop
      vertex 25.7354 53.8646 63
      vertex 25.7712 54.0074 55
      vertex 25.7712 54.0074 63
    endloop
  endfacet
  facet normal 0.969982 -0.243175 0
    outer loop
      vertex 25.7712 54.0074 55
      vertex 25.7354 53.8646 63
      vertex 25.7354 53.8646 55
    endloop
  endfacet
  facet normal -0.74123 -0.671251 0
    outer loop
      vertex 23.2393 53.2393 60
      vertex 23.1405 53.3484 63
      vertex 23.1405 53.3484 60
    endloop
  endfacet
  facet normal -0.74123 -0.671251 0
    outer loop
      vertex 23.1405 53.3484 63
      vertex 23.2393 53.2393 60
      vertex 23.2393 53.2393 63
    endloop
  endfacet
  facet normal 0.336939 0.941527 -0
    outer loop
      vertex 24.874 55.6858 60
      vertex 24.7354 55.7354 63
      vertex 24.874 55.6858 63
    endloop
  endfacet
  facet normal 0.336939 0.941527 0
    outer loop
      vertex 24.7354 55.7354 63
      vertex 24.874 55.6858 60
      vertex 24.7354 55.7354 60
    endloop
  endfacet
  facet normal 0.146746 -0.989174 0
    outer loop
      vertex 24.447 52.8072 60
      vertex 24.5926 52.8288 63
      vertex 24.447 52.8072 63
    endloop
  endfacet
  facet normal 0.146746 -0.989174 0
    outer loop
      vertex 24.5926 52.8288 63
      vertex 24.447 52.8072 60
      vertex 24.5926 52.8288 60
    endloop
  endfacet
  facet normal 0.74123 -0.671251 0
    outer loop
      vertex 25.3607 53.2393 63
      vertex 25.4595 53.3484 55
      vertex 25.4595 53.3484 63
    endloop
  endfacet
  facet normal 0.74123 -0.671251 0
    outer loop
      vertex 25.4595 53.3484 55
      vertex 25.3607 53.2393 63
      vertex 25.3607 53.2393 55
    endloop
  endfacet
  facet normal 0.803088 -0.595861 0
    outer loop
      vertex 25.4595 53.3484 63
      vertex 25.5472 53.4666 55
      vertex 25.5472 53.4666 63
    endloop
  endfacet
  facet normal 0.803088 -0.595861 0
    outer loop
      vertex 25.5472 53.4666 55
      vertex 25.4595 53.3484 63
      vertex 25.4595 53.3484 55
    endloop
  endfacet
  facet normal 0.904125 -0.427269 0
    outer loop
      vertex 25.6229 53.5929 63
      vertex 25.6858 53.726 55
      vertex 25.6858 53.726 63
    endloop
  endfacet
  facet normal 0.904125 -0.427269 0
    outer loop
      vertex 25.6858 53.726 55
      vertex 25.6229 53.5929 63
      vertex 25.6229 53.5929 55
    endloop
  endfacet
  facet normal 0.427269 0.904125 -0
    outer loop
      vertex 25.0071 55.6229 60
      vertex 24.874 55.6858 63
      vertex 25.0071 55.6229 63
    endloop
  endfacet
  facet normal 0.427269 0.904125 0
    outer loop
      vertex 24.874 55.6858 63
      vertex 25.0071 55.6229 60
      vertex 24.874 55.6858 60
    endloop
  endfacet
  facet normal -0.427269 0.904125 0
    outer loop
      vertex 23.726 55.6858 60
      vertex 23.5929 55.6229 63
      vertex 23.726 55.6858 63
    endloop
  endfacet
  facet normal -0.427269 0.904125 0
    outer loop
      vertex 23.5929 55.6229 63
      vertex 23.726 55.6858 60
      vertex 23.5929 55.6229 60
    endloop
  endfacet
  facet normal 0.857733 0.514096 0
    outer loop
      vertex 25.6229 55.0071 63
      vertex 25.5472 55.1334 55
      vertex 25.5472 55.1334 63
    endloop
  endfacet
  facet normal 0.857733 0.514096 0
    outer loop
      vertex 25.5472 55.1334 55
      vertex 25.6229 55.0071 63
      vertex 25.6229 55.0071 55
    endloop
  endfacet
  facet normal -0.0489209 0.998803 0
    outer loop
      vertex 24.3 55.8 60
      vertex 24.153 55.7928 63
      vertex 24.3 55.8 63
    endloop
  endfacet
  facet normal -0.0489209 0.998803 0
    outer loop
      vertex 24.153 55.7928 63
      vertex 24.3 55.8 60
      vertex 24.153 55.7928 60
    endloop
  endfacet
  facet normal -0.941527 0.336939 0
    outer loop
      vertex 22.8646 54.7354 60
      vertex 22.9142 54.874 63
      vertex 22.9142 54.874 60
    endloop
  endfacet
  facet normal -0.941527 0.336939 0
    outer loop
      vertex 22.9142 54.874 63
      vertex 22.8646 54.7354 60
      vertex 22.8646 54.7354 63
    endloop
  endfacet
  facet normal 0.0489209 0.998803 -0
    outer loop
      vertex 24.447 55.7928 60
      vertex 24.3 55.8 63
      vertex 24.447 55.7928 63
    endloop
  endfacet
  facet normal 0.0489209 0.998803 0
    outer loop
      vertex 24.3 55.8 63
      vertex 24.447 55.7928 60
      vertex 24.3 55.8 60
    endloop
  endfacet
  facet normal -0.514096 -0.857733 0
    outer loop
      vertex 23.4666 53.0528 60
      vertex 23.5929 52.9771 63
      vertex 23.4666 53.0528 63
    endloop
  endfacet
  facet normal -0.514096 -0.857733 -0
    outer loop
      vertex 23.5929 52.9771 63
      vertex 23.4666 53.0528 60
      vertex 23.5929 52.9771 60
    endloop
  endfacet
  facet normal -0.941527 -0.336939 0
    outer loop
      vertex 22.9142 53.726 60
      vertex 22.8646 53.8646 63
      vertex 22.8646 53.8646 60
    endloop
  endfacet
  facet normal -0.941527 -0.336939 0
    outer loop
      vertex 22.8646 53.8646 63
      vertex 22.9142 53.726 60
      vertex 22.9142 53.726 63
    endloop
  endfacet
  facet normal -0.969982 0.243175 0
    outer loop
      vertex 22.8288 54.5926 60
      vertex 22.8646 54.7354 63
      vertex 22.8646 54.7354 60
    endloop
  endfacet
  facet normal -0.969982 0.243175 0
    outer loop
      vertex 22.8646 54.7354 63
      vertex 22.8288 54.5926 60
      vertex 22.8288 54.5926 63
    endloop
  endfacet
  facet normal -0.857733 -0.514096 0
    outer loop
      vertex 23.0528 53.4666 60
      vertex 22.9771 53.5929 63
      vertex 22.9771 53.5929 60
    endloop
  endfacet
  facet normal -0.857733 -0.514096 0
    outer loop
      vertex 22.9771 53.5929 63
      vertex 23.0528 53.4666 60
      vertex 23.0528 53.4666 63
    endloop
  endfacet
  facet normal -0.243175 0.969982 0
    outer loop
      vertex 24.0074 55.7712 60
      vertex 23.8646 55.7354 63
      vertex 24.0074 55.7712 63
    endloop
  endfacet
  facet normal -0.243175 0.969982 0
    outer loop
      vertex 23.8646 55.7354 63
      vertex 24.0074 55.7712 60
      vertex 23.8646 55.7354 60
    endloop
  endfacet
  facet normal 0.74123 0.671251 0
    outer loop
      vertex 25.4595 55.2516 63
      vertex 25.3607 55.3607 55
      vertex 25.3607 55.3607 63
    endloop
  endfacet
  facet normal 0.74123 0.671251 0
    outer loop
      vertex 25.3607 55.3607 55
      vertex 25.4595 55.2516 63
      vertex 25.4595 55.2516 55
    endloop
  endfacet
  facet normal 0.595861 -0.803088 0
    outer loop
      vertex 25.1334 53.0528 60
      vertex 25.2516 53.1405 63
      vertex 25.1334 53.0528 63
    endloop
  endfacet
  facet normal 0.595861 -0.803088 0
    outer loop
      vertex 25.2516 53.1405 63
      vertex 25.1334 53.0528 60
      vertex 25.2516 53.1405 60
    endloop
  endfacet
  facet normal 0.336939 -0.941527 0
    outer loop
      vertex 24.7354 52.8646 60
      vertex 24.874 52.9142 63
      vertex 24.7354 52.8646 63
    endloop
  endfacet
  facet normal 0.336939 -0.941527 0
    outer loop
      vertex 24.874 52.9142 63
      vertex 24.7354 52.8646 60
      vertex 24.874 52.9142 60
    endloop
  endfacet
  facet normal 0.243175 -0.969982 0
    outer loop
      vertex 24.5926 52.8288 60
      vertex 24.7354 52.8646 63
      vertex 24.5926 52.8288 63
    endloop
  endfacet
  facet normal 0.243175 -0.969982 0
    outer loop
      vertex 24.7354 52.8646 63
      vertex 24.5926 52.8288 60
      vertex 24.7354 52.8646 60
    endloop
  endfacet
  facet normal -0.595861 -0.803088 0
    outer loop
      vertex 23.3484 53.1405 60
      vertex 23.4666 53.0528 63
      vertex 23.3484 53.1405 63
    endloop
  endfacet
  facet normal -0.595861 -0.803088 -0
    outer loop
      vertex 23.4666 53.0528 63
      vertex 23.3484 53.1405 60
      vertex 23.4666 53.0528 60
    endloop
  endfacet
  facet normal -0.904125 0.427269 0
    outer loop
      vertex 22.9142 54.874 60
      vertex 22.9771 55.0071 63
      vertex 22.9771 55.0071 60
    endloop
  endfacet
  facet normal -0.904125 0.427269 0
    outer loop
      vertex 22.9771 55.0071 63
      vertex 22.9142 54.874 60
      vertex 22.9142 54.874 63
    endloop
  endfacet
  facet normal -0.803088 -0.595861 0
    outer loop
      vertex 23.1405 53.3484 60
      vertex 23.0528 53.4666 63
      vertex 23.0528 53.4666 60
    endloop
  endfacet
  facet normal -0.803088 -0.595861 0
    outer loop
      vertex 23.0528 53.4666 63
      vertex 23.1405 53.3484 60
      vertex 23.1405 53.3484 63
    endloop
  endfacet
  facet normal -0.857733 0.514096 0
    outer loop
      vertex 22.9771 55.0071 60
      vertex 23.0528 55.1334 63
      vertex 23.0528 55.1334 60
    endloop
  endfacet
  facet normal -0.857733 0.514096 0
    outer loop
      vertex 23.0528 55.1334 63
      vertex 22.9771 55.0071 60
      vertex 22.9771 55.0071 63
    endloop
  endfacet
  facet normal -0.989174 -0.146746 0
    outer loop
      vertex 22.8288 54.0074 60
      vertex 22.8072 54.153 63
      vertex 22.8072 54.153 60
    endloop
  endfacet
  facet normal -0.989174 -0.146746 0
    outer loop
      vertex 22.8072 54.153 63
      vertex 22.8288 54.0074 60
      vertex 22.8288 54.0074 63
    endloop
  endfacet
  facet normal 0.671251 0.74123 -1.71436e-05
    outer loop
      vertex 25.3607 55.3607 63
      vertex 25.3 55.4156 60
      vertex 25.2516 55.4595 63
    endloop
  endfacet
  facet normal 0.670785 0.741652 -0
    outer loop
      vertex 25.3607 55.3607 55
      vertex 25.3 55.4156 60
      vertex 25.3607 55.3607 63
    endloop
  endfacet
  facet normal 0.670785 0.741652 0
    outer loop
      vertex 25.3 55.4156 60
      vertex 25.3607 55.3607 55
      vertex 25.3 55.4156 55
    endloop
  endfacet
  facet normal 0.671834 0.740701 0
    outer loop
      vertex 25.2516 55.4595 63
      vertex 25.3 55.4156 60
      vertex 25.2516 55.4595 60
    endloop
  endfacet
  facet normal -0.989174 0.146746 0
    outer loop
      vertex 22.8072 54.447 60
      vertex 22.8288 54.5926 63
      vertex 22.8288 54.5926 60
    endloop
  endfacet
  facet normal -0.989174 0.146746 0
    outer loop
      vertex 22.8288 54.5926 63
      vertex 22.8072 54.447 60
      vertex 22.8072 54.447 63
    endloop
  endfacet
  facet normal -0.0489209 -0.998803 0
    outer loop
      vertex 24.153 52.8072 60
      vertex 24.3 52.8 63
      vertex 24.153 52.8072 63
    endloop
  endfacet
  facet normal -0.0489209 -0.998803 -0
    outer loop
      vertex 24.3 52.8 63
      vertex 24.153 52.8072 60
      vertex 24.3 52.8 60
    endloop
  endfacet
  facet normal 0 0 1
    outer loop
      vertex 25.7928 54.447 63
      vertex 25.7928 54.153 63
      vertex 25.8 54.3 63
    endloop
  endfacet
  facet normal 0 0 1
    outer loop
      vertex 25.7712 54.5926 63
      vertex 25.7928 54.153 63
      vertex 25.7928 54.447 63
    endloop
  endfacet
  facet normal 0 0 1
    outer loop
      vertex 25.7712 54.5926 63
      vertex 25.7712 54.0074 63
      vertex 25.7928 54.153 63
    endloop
  endfacet
  facet normal 0 0 1
    outer loop
      vertex 25.7354 54.7354 63
      vertex 25.7712 54.0074 63
      vertex 25.7712 54.5926 63
    endloop
  endfacet
  facet normal 0 0 1
    outer loop
      vertex 25.7354 54.7354 63
      vertex 25.7354 53.8646 63
      vertex 25.7712 54.0074 63
    endloop
  endfacet
  facet normal 0 0 1
    outer loop
      vertex 25.6858 54.874 63
      vertex 25.7354 53.8646 63
      vertex 25.7354 54.7354 63
    endloop
  endfacet
  facet normal 0 0 1
    outer loop
      vertex 25.6858 54.874 63
      vertex 25.6858 53.726 63
      vertex 25.7354 53.8646 63
    endloop
  endfacet
  facet normal 0 0 1
    outer loop
      vertex 25.6229 55.0071 63
      vertex 25.6858 53.726 63
      vertex 25.6858 54.874 63
    endloop
  endfacet
  facet normal 0 0 1
    outer loop
      vertex 25.6229 55.0071 63
      vertex 25.6229 53.5929 63
      vertex 25.6858 53.726 63
    endloop
  endfacet
  facet normal 0 0 1
    outer loop
      vertex 25.5472 55.1334 63
      vertex 25.6229 53.5929 63
      vertex 25.6229 55.0071 63
    endloop
  endfacet
  facet normal 0 0 1
    outer loop
      vertex 25.5472 55.1334 63
      vertex 25.5472 53.4666 63
      vertex 25.6229 53.5929 63
    endloop
  endfacet
  facet normal 0 0 1
    outer loop
      vertex 25.4595 55.2516 63
      vertex 25.5472 53.4666 63
      vertex 25.5472 55.1334 63
    endloop
  endfacet
  facet normal 0 0 1
    outer loop
      vertex 25.4595 55.2516 63
      vertex 25.4595 53.3484 63
      vertex 25.5472 53.4666 63
    endloop
  endfacet
  facet normal 0 0 1
    outer loop
      vertex 25.3607 55.3607 63
      vertex 25.4595 53.3484 63
      vertex 25.4595 55.2516 63
    endloop
  endfacet
  facet normal 0 0 1
    outer loop
      vertex 25.3607 55.3607 63
      vertex 25.3607 53.2393 63
      vertex 25.4595 53.3484 63
    endloop
  endfacet
  facet normal 0 0 1
    outer loop
      vertex 25.2516 55.4595 63
      vertex 25.3607 53.2393 63
      vertex 25.3607 55.3607 63
    endloop
  endfacet
  facet normal 0 0 1
    outer loop
      vertex 25.2516 55.4595 63
      vertex 25.2516 53.1405 63
      vertex 25.3607 53.2393 63
    endloop
  endfacet
  facet normal 0 0 1
    outer loop
      vertex 25.1334 55.5472 63
      vertex 25.2516 53.1405 63
      vertex 25.2516 55.4595 63
    endloop
  endfacet
  facet normal 0 0 1
    outer loop
      vertex 25.1334 55.5472 63
      vertex 25.1334 53.0528 63
      vertex 25.2516 53.1405 63
    endloop
  endfacet
  facet normal 0 0 1
    outer loop
      vertex 25.0071 55.6229 63
      vertex 25.1334 53.0528 63
      vertex 25.1334 55.5472 63
    endloop
  endfacet
  facet normal 0 0 1
    outer loop
      vertex 25.0071 55.6229 63
      vertex 25.0071 52.9771 63
      vertex 25.1334 53.0528 63
    endloop
  endfacet
  facet normal 0 0 1
    outer loop
      vertex 24.874 55.6858 63
      vertex 25.0071 52.9771 63
      vertex 25.0071 55.6229 63
    endloop
  endfacet
  facet normal 0 0 1
    outer loop
      vertex 24.874 55.6858 63
      vertex 24.874 52.9142 63
      vertex 25.0071 52.9771 63
    endloop
  endfacet
  facet normal 0 0 1
    outer loop
      vertex 24.7354 55.7354 63
      vertex 24.874 52.9142 63
      vertex 24.874 55.6858 63
    endloop
  endfacet
  facet normal 0 0 1
    outer loop
      vertex 24.7354 55.7354 63
      vertex 24.7354 52.8646 63
      vertex 24.874 52.9142 63
    endloop
  endfacet
  facet normal 0 0 1
    outer loop
      vertex 24.5926 55.7712 63
      vertex 24.7354 52.8646 63
      vertex 24.7354 55.7354 63
    endloop
  endfacet
  facet normal 0 0 1
    outer loop
      vertex 24.5926 55.7712 63
      vertex 24.5926 52.8288 63
      vertex 24.7354 52.8646 63
    endloop
  endfacet
  facet normal 0 0 1
    outer loop
      vertex 24.447 55.7928 63
      vertex 24.5926 52.8288 63
      vertex 24.5926 55.7712 63
    endloop
  endfacet
  facet normal 0 0 1
    outer loop
      vertex 24.447 55.7928 63
      vertex 24.447 52.8072 63
      vertex 24.5926 52.8288 63
    endloop
  endfacet
  facet normal 0 0 1
    outer loop
      vertex 24.3 55.8 63
      vertex 24.447 52.8072 63
      vertex 24.447 55.7928 63
    endloop
  endfacet
  facet normal 0 0 1
    outer loop
      vertex 24.3 55.8 63
      vertex 24.3 52.8 63
      vertex 24.447 52.8072 63
    endloop
  endfacet
  facet normal -0 0 1
    outer loop
      vertex 24.153 55.7928 63
      vertex 24.3 52.8 63
      vertex 24.3 55.8 63
    endloop
  endfacet
  facet normal 0 0 1
    outer loop
      vertex 24.153 55.7928 63
      vertex 24.153 52.8072 63
      vertex 24.3 52.8 63
    endloop
  endfacet
  facet normal -0 0 1
    outer loop
      vertex 24.0074 55.7712 63
      vertex 24.153 52.8072 63
      vertex 24.153 55.7928 63
    endloop
  endfacet
  facet normal 0 0 1
    outer loop
      vertex 24.0074 55.7712 63
      vertex 24.0074 52.8288 63
      vertex 24.153 52.8072 63
    endloop
  endfacet
  facet normal -0 0 1
    outer loop
      vertex 23.8646 55.7354 63
      vertex 24.0074 52.8288 63
      vertex 24.0074 55.7712 63
    endloop
  endfacet
  facet normal 0 0 1
    outer loop
      vertex 23.8646 55.7354 63
      vertex 23.8646 52.8646 63
      vertex 24.0074 52.8288 63
    endloop
  endfacet
  facet normal -0 0 1
    outer loop
      vertex 23.726 55.6858 63
      vertex 23.8646 52.8646 63
      vertex 23.8646 55.7354 63
    endloop
  endfacet
  facet normal 0 0 1
    outer loop
      vertex 23.726 55.6858 63
      vertex 23.726 52.9142 63
      vertex 23.8646 52.8646 63
    endloop
  endfacet
  facet normal -0 0 1
    outer loop
      vertex 23.5929 55.6229 63
      vertex 23.726 52.9142 63
      vertex 23.726 55.6858 63
    endloop
  endfacet
  facet normal 0 0 1
    outer loop
      vertex 23.5929 55.6229 63
      vertex 23.5929 52.9771 63
      vertex 23.726 52.9142 63
    endloop
  endfacet
  facet normal -0 0 1
    outer loop
      vertex 23.4666 55.5472 63
      vertex 23.5929 52.9771 63
      vertex 23.5929 55.6229 63
    endloop
  endfacet
  facet normal 0 0 1
    outer loop
      vertex 23.4666 55.5472 63
      vertex 23.4666 53.0528 63
      vertex 23.5929 52.9771 63
    endloop
  endfacet
  facet normal -0 0 1
    outer loop
      vertex 23.3484 55.4595 63
      vertex 23.4666 53.0528 63
      vertex 23.4666 55.5472 63
    endloop
  endfacet
  facet normal 0 0 1
    outer loop
      vertex 23.3484 55.4595 63
      vertex 23.3484 53.1405 63
      vertex 23.4666 53.0528 63
    endloop
  endfacet
  facet normal -0 0 1
    outer loop
      vertex 23.2393 55.3607 63
      vertex 23.3484 53.1405 63
      vertex 23.3484 55.4595 63
    endloop
  endfacet
  facet normal 0 0 1
    outer loop
      vertex 23.2393 55.3607 63
      vertex 23.2393 53.2393 63
      vertex 23.3484 53.1405 63
    endloop
  endfacet
  facet normal -0 0 1
    outer loop
      vertex 23.1405 55.2516 63
      vertex 23.2393 53.2393 63
      vertex 23.2393 55.3607 63
    endloop
  endfacet
  facet normal 0 0 1
    outer loop
      vertex 23.1405 55.2516 63
      vertex 23.1405 53.3484 63
      vertex 23.2393 53.2393 63
    endloop
  endfacet
  facet normal -0 0 1
    outer loop
      vertex 23.0528 55.1334 63
      vertex 23.1405 53.3484 63
      vertex 23.1405 55.2516 63
    endloop
  endfacet
  facet normal 0 0 1
    outer loop
      vertex 23.0528 55.1334 63
      vertex 23.0528 53.4666 63
      vertex 23.1405 53.3484 63
    endloop
  endfacet
  facet normal -0 0 1
    outer loop
      vertex 22.9771 55.0071 63
      vertex 23.0528 53.4666 63
      vertex 23.0528 55.1334 63
    endloop
  endfacet
  facet normal 0 0 1
    outer loop
      vertex 22.9771 55.0071 63
      vertex 22.9771 53.5929 63
      vertex 23.0528 53.4666 63
    endloop
  endfacet
  facet normal -0 0 1
    outer loop
      vertex 22.9142 54.874 63
      vertex 22.9771 53.5929 63
      vertex 22.9771 55.0071 63
    endloop
  endfacet
  facet normal 0 0 1
    outer loop
      vertex 22.9142 54.874 63
      vertex 22.9142 53.726 63
      vertex 22.9771 53.5929 63
    endloop
  endfacet
  facet normal -0 0 1
    outer loop
      vertex 22.8646 54.7354 63
      vertex 22.9142 53.726 63
      vertex 22.9142 54.874 63
    endloop
  endfacet
  facet normal 0 0 1
    outer loop
      vertex 22.8646 54.7354 63
      vertex 22.8646 53.8646 63
      vertex 22.9142 53.726 63
    endloop
  endfacet
  facet normal -0 0 1
    outer loop
      vertex 22.8288 54.5926 63
      vertex 22.8646 53.8646 63
      vertex 22.8646 54.7354 63
    endloop
  endfacet
  facet normal 0 0 1
    outer loop
      vertex 22.8288 54.5926 63
      vertex 22.8288 54.0074 63
      vertex 22.8646 53.8646 63
    endloop
  endfacet
  facet normal -0 0 1
    outer loop
      vertex 22.8072 54.447 63
      vertex 22.8288 54.0074 63
      vertex 22.8288 54.5926 63
    endloop
  endfacet
  facet normal 0 0 1
    outer loop
      vertex 22.8072 54.447 63
      vertex 22.8072 54.153 63
      vertex 22.8288 54.0074 63
    endloop
  endfacet
  facet normal 0 -0 1
    outer loop
      vertex 22.8072 54.153 63
      vertex 22.8072 54.447 63
      vertex 22.8 54.3 63
    endloop
  endfacet
  facet normal -0.595861 0.803088 0
    outer loop
      vertex 23.4666 55.5472 60
      vertex 23.3484 55.4595 63
      vertex 23.4666 55.5472 63
    endloop
  endfacet
  facet normal -0.595861 0.803088 0
    outer loop
      vertex 23.3484 55.4595 63
      vertex 23.4666 55.5472 60
      vertex 23.3484 55.4595 60
    endloop
  endfacet
  facet normal -0.998803 0.0489209 0
    outer loop
      vertex 22.8 54.3 60
      vertex 22.8072 54.447 63
      vertex 22.8072 54.447 60
    endloop
  endfacet
  facet normal -0.998803 0.0489209 0
    outer loop
      vertex 22.8072 54.447 63
      vertex 22.8 54.3 60
      vertex 22.8 54.3 63
    endloop
  endfacet
  facet normal 0.671834 -0.740701 0
    outer loop
      vertex 25.3 53.1844 60
      vertex 25.2516 53.1405 63
      vertex 25.2516 53.1405 60
    endloop
  endfacet
  facet normal 0.671251 -0.74123 -1.71436e-05
    outer loop
      vertex 25.2516 53.1405 63
      vertex 25.3 53.1844 60
      vertex 25.3607 53.2393 63
    endloop
  endfacet
  facet normal 0.670785 -0.741652 0
    outer loop
      vertex 25.3607 53.2393 55
      vertex 25.3 53.1844 60
      vertex 25.3 53.1844 55
    endloop
  endfacet
  facet normal 0.670785 -0.741652 0
    outer loop
      vertex 25.3 53.1844 60
      vertex 25.3607 53.2393 55
      vertex 25.3607 53.2393 63
    endloop
  endfacet
  facet normal 0.989174 0.146746 0
    outer loop
      vertex 25.7928 72.447 63
      vertex 25.7712 72.5926 55
      vertex 25.7712 72.5926 63
    endloop
  endfacet
  facet normal 0.989174 0.146746 0
    outer loop
      vertex 25.7712 72.5926 55
      vertex 25.7928 72.447 63
      vertex 25.7928 72.447 55
    endloop
  endfacet
  facet normal 0.998803 0.0489209 0
    outer loop
      vertex 25.8 72.3 63
      vertex 25.7928 72.447 55
      vertex 25.7928 72.447 63
    endloop
  endfacet
  facet normal 0.998803 0.0489209 0
    outer loop
      vertex 25.7928 72.447 55
      vertex 25.8 72.3 63
      vertex 25.8 72.3 55
    endloop
  endfacet
  facet normal 0.969982 0.243175 0
    outer loop
      vertex 25.7712 72.5926 63
      vertex 25.7354 72.7354 55
      vertex 25.7354 72.7354 63
    endloop
  endfacet
  facet normal 0.969982 0.243175 0
    outer loop
      vertex 25.7354 72.7354 55
      vertex 25.7712 72.5926 63
      vertex 25.7712 72.5926 55
    endloop
  endfacet
  facet normal -0.989174 -0.146746 0
    outer loop
      vertex 22.8288 72.0074 60
      vertex 22.8072 72.153 63
      vertex 22.8072 72.153 60
    endloop
  endfacet
  facet normal -0.989174 -0.146746 0
    outer loop
      vertex 22.8072 72.153 63
      vertex 22.8288 72.0074 60
      vertex 22.8288 72.0074 63
    endloop
  endfacet
  facet normal -0.74123 0.671251 0
    outer loop
      vertex 23.1405 73.2516 60
      vertex 23.2393 73.3607 63
      vertex 23.2393 73.3607 60
    endloop
  endfacet
  facet normal -0.74123 0.671251 0
    outer loop
      vertex 23.2393 73.3607 63
      vertex 23.1405 73.2516 60
      vertex 23.1405 73.2516 63
    endloop
  endfacet
  facet normal 0.427269 -0.904125 0
    outer loop
      vertex 24.874 70.9142 60
      vertex 25.0071 70.9771 63
      vertex 24.874 70.9142 63
    endloop
  endfacet
  facet normal 0.427269 -0.904125 0
    outer loop
      vertex 25.0071 70.9771 63
      vertex 24.874 70.9142 60
      vertex 25.0071 70.9771 60
    endloop
  endfacet
  facet normal 0.989174 -0.146746 0
    outer loop
      vertex 25.7712 72.0074 63
      vertex 25.7928 72.153 55
      vertex 25.7928 72.153 63
    endloop
  endfacet
  facet normal 0.989174 -0.146746 0
    outer loop
      vertex 25.7928 72.153 55
      vertex 25.7712 72.0074 63
      vertex 25.7712 72.0074 55
    endloop
  endfacet
  facet normal -0.336939 -0.941527 0
    outer loop
      vertex 23.726 70.9142 60
      vertex 23.8646 70.8646 63
      vertex 23.726 70.9142 63
    endloop
  endfacet
  facet normal -0.336939 -0.941527 -0
    outer loop
      vertex 23.8646 70.8646 63
      vertex 23.726 70.9142 60
      vertex 23.8646 70.8646 60
    endloop
  endfacet
  facet normal -0.904125 -0.427269 0
    outer loop
      vertex 22.9771 71.5929 60
      vertex 22.9142 71.726 63
      vertex 22.9142 71.726 60
    endloop
  endfacet
  facet normal -0.904125 -0.427269 0
    outer loop
      vertex 22.9142 71.726 63
      vertex 22.9771 71.5929 60
      vertex 22.9771 71.5929 63
    endloop
  endfacet
  facet normal 0.0489209 -0.998803 0
    outer loop
      vertex 24.3 70.8 60
      vertex 24.447 70.8072 63
      vertex 24.3 70.8 63
    endloop
  endfacet
  facet normal 0.0489209 -0.998803 0
    outer loop
      vertex 24.447 70.8072 63
      vertex 24.3 70.8 60
      vertex 24.447 70.8072 60
    endloop
  endfacet
  facet normal 0.514096 -0.857733 0
    outer loop
      vertex 25.0071 70.9771 60
      vertex 25.1334 71.0528 63
      vertex 25.0071 70.9771 63
    endloop
  endfacet
  facet normal 0.514096 -0.857733 0
    outer loop
      vertex 25.1334 71.0528 63
      vertex 25.0071 70.9771 60
      vertex 25.1334 71.0528 60
    endloop
  endfacet
  facet normal 0.904125 0.427269 0
    outer loop
      vertex 25.6858 72.874 63
      vertex 25.6229 73.0071 55
      vertex 25.6229 73.0071 63
    endloop
  endfacet
  facet normal 0.904125 0.427269 0
    outer loop
      vertex 25.6229 73.0071 55
      vertex 25.6858 72.874 63
      vertex 25.6858 72.874 55
    endloop
  endfacet
  facet normal 0.941527 -0.336939 0
    outer loop
      vertex 25.6858 71.726 63
      vertex 25.7354 71.8646 55
      vertex 25.7354 71.8646 63
    endloop
  endfacet
  facet normal 0.941527 -0.336939 0
    outer loop
      vertex 25.7354 71.8646 55
      vertex 25.6858 71.726 63
      vertex 25.6858 71.726 55
    endloop
  endfacet
  facet normal 0.595861 0.803088 -0
    outer loop
      vertex 25.2516 73.4595 60
      vertex 25.1334 73.5472 63
      vertex 25.2516 73.4595 63
    endloop
  endfacet
  facet normal 0.595861 0.803088 0
    outer loop
      vertex 25.1334 73.5472 63
      vertex 25.2516 73.4595 60
      vertex 25.1334 73.5472 60
    endloop
  endfacet
  facet normal -0.671251 -0.74123 0
    outer loop
      vertex 23.2393 71.2393 60
      vertex 23.3484 71.1405 63
      vertex 23.2393 71.2393 63
    endloop
  endfacet
  facet normal -0.671251 -0.74123 -0
    outer loop
      vertex 23.3484 71.1405 63
      vertex 23.2393 71.2393 60
      vertex 23.3484 71.1405 60
    endloop
  endfacet
  facet normal -0.243175 -0.969982 0
    outer loop
      vertex 23.8646 70.8646 60
      vertex 24.0074 70.8288 63
      vertex 23.8646 70.8646 63
    endloop
  endfacet
  facet normal -0.243175 -0.969982 -0
    outer loop
      vertex 24.0074 70.8288 63
      vertex 23.8646 70.8646 60
      vertex 24.0074 70.8288 60
    endloop
  endfacet
  facet normal -0.671251 0.74123 0
    outer loop
      vertex 23.3484 73.4595 60
      vertex 23.2393 73.3607 63
      vertex 23.3484 73.4595 63
    endloop
  endfacet
  facet normal -0.671251 0.74123 0
    outer loop
      vertex 23.2393 73.3607 63
      vertex 23.3484 73.4595 60
      vertex 23.2393 73.3607 60
    endloop
  endfacet
  facet normal -0.969982 -0.243175 0
    outer loop
      vertex 22.8646 71.8646 60
      vertex 22.8288 72.0074 63
      vertex 22.8288 72.0074 60
    endloop
  endfacet
  facet normal -0.969982 -0.243175 0
    outer loop
      vertex 22.8288 72.0074 63
      vertex 22.8646 71.8646 60
      vertex 22.8646 71.8646 63
    endloop
  endfacet
  facet normal 0.803088 0.595861 0
    outer loop
      vertex 25.5472 73.1334 63
      vertex 25.4595 73.2516 55
      vertex 25.4595 73.2516 63
    endloop
  endfacet
  facet normal 0.803088 0.595861 0
    outer loop
      vertex 25.4595 73.2516 55
      vertex 25.5472 73.1334 63
      vertex 25.5472 73.1334 55
    endloop
  endfacet
  facet normal 0.941527 0.336939 0
    outer loop
      vertex 25.7354 72.7354 63
      vertex 25.6858 72.874 55
      vertex 25.6858 72.874 63
    endloop
  endfacet
  facet normal 0.941527 0.336939 0
    outer loop
      vertex 25.6858 72.874 55
      vertex 25.7354 72.7354 63
      vertex 25.7354 72.7354 55
    endloop
  endfacet
  facet normal 0.514096 0.857733 -0
    outer loop
      vertex 25.1334 73.5472 60
      vertex 25.0071 73.6229 63
      vertex 25.1334 73.5472 63
    endloop
  endfacet
  facet normal 0.514096 0.857733 0
    outer loop
      vertex 25.0071 73.6229 63
      vertex 25.1334 73.5472 60
      vertex 25.0071 73.6229 60
    endloop
  endfacet
  facet normal -0.514096 0.857733 0
    outer loop
      vertex 23.5929 73.6229 60
      vertex 23.4666 73.5472 63
      vertex 23.5929 73.6229 63
    endloop
  endfacet
  facet normal -0.514096 0.857733 0
    outer loop
      vertex 23.4666 73.5472 63
      vertex 23.5929 73.6229 60
      vertex 23.4666 73.5472 60
    endloop
  endfacet
  facet normal 0.998803 -0.0489209 0
    outer loop
      vertex 25.7928 72.153 63
      vertex 25.8 72.3 55
      vertex 25.8 72.3 63
    endloop
  endfacet
  facet normal 0.998803 -0.0489209 0
    outer loop
      vertex 25.8 72.3 55
      vertex 25.7928 72.153 63
      vertex 25.7928 72.153 55
    endloop
  endfacet
  facet normal -0.146746 0.989174 0
    outer loop
      vertex 24.153 73.7928 60
      vertex 24.0074 73.7712 63
      vertex 24.153 73.7928 63
    endloop
  endfacet
  facet normal -0.146746 0.989174 0
    outer loop
      vertex 24.0074 73.7712 63
      vertex 24.153 73.7928 60
      vertex 24.0074 73.7712 60
    endloop
  endfacet
  facet normal 0.857733 -0.514096 0
    outer loop
      vertex 25.5472 71.4666 63
      vertex 25.6229 71.5929 55
      vertex 25.6229 71.5929 63
    endloop
  endfacet
  facet normal 0.857733 -0.514096 0
    outer loop
      vertex 25.6229 71.5929 55
      vertex 25.5472 71.4666 63
      vertex 25.5472 71.4666 55
    endloop
  endfacet
  facet normal 0.671251 0.74123 -1.71436e-05
    outer loop
      vertex 25.3607 73.3607 63
      vertex 25.3 73.4156 60
      vertex 25.2516 73.4595 63
    endloop
  endfacet
  facet normal 0.670785 0.741652 -0
    outer loop
      vertex 25.3607 73.3607 55
      vertex 25.3 73.4156 60
      vertex 25.3607 73.3607 63
    endloop
  endfacet
  facet normal 0.670785 0.741652 0
    outer loop
      vertex 25.3 73.4156 60
      vertex 25.3607 73.3607 55
      vertex 25.3 73.4156 55
    endloop
  endfacet
  facet normal 0.671834 0.740701 0
    outer loop
      vertex 25.2516 73.4595 63
      vertex 25.3 73.4156 60
      vertex 25.2516 73.4595 60
    endloop
  endfacet
  facet normal -0.803088 0.595861 0
    outer loop
      vertex 23.0528 73.1334 60
      vertex 23.1405 73.2516 63
      vertex 23.1405 73.2516 60
    endloop
  endfacet
  facet normal -0.803088 0.595861 0
    outer loop
      vertex 23.1405 73.2516 63
      vertex 23.0528 73.1334 60
      vertex 23.0528 73.1334 63
    endloop
  endfacet
  facet normal -0.336939 0.941527 0
    outer loop
      vertex 23.8646 73.7354 60
      vertex 23.726 73.6858 63
      vertex 23.8646 73.7354 63
    endloop
  endfacet
  facet normal -0.336939 0.941527 0
    outer loop
      vertex 23.726 73.6858 63
      vertex 23.8646 73.7354 60
      vertex 23.726 73.6858 60
    endloop
  endfacet
  facet normal -0.998803 -0.0489209 0
    outer loop
      vertex 22.8072 72.153 60
      vertex 22.8 72.3 63
      vertex 22.8 72.3 60
    endloop
  endfacet
  facet normal -0.998803 -0.0489209 0
    outer loop
      vertex 22.8 72.3 63
      vertex 22.8072 72.153 60
      vertex 22.8072 72.153 63
    endloop
  endfacet
  facet normal 0.146746 0.989174 -0
    outer loop
      vertex 24.5926 73.7712 60
      vertex 24.447 73.7928 63
      vertex 24.5926 73.7712 63
    endloop
  endfacet
  facet normal 0.146746 0.989174 0
    outer loop
      vertex 24.447 73.7928 63
      vertex 24.5926 73.7712 60
      vertex 24.447 73.7928 60
    endloop
  endfacet
  facet normal -0.146746 -0.989174 0
    outer loop
      vertex 24.0074 70.8288 60
      vertex 24.153 70.8072 63
      vertex 24.0074 70.8288 63
    endloop
  endfacet
  facet normal -0.146746 -0.989174 -0
    outer loop
      vertex 24.153 70.8072 63
      vertex 24.0074 70.8288 60
      vertex 24.153 70.8072 60
    endloop
  endfacet
  facet normal -0.427269 -0.904125 0
    outer loop
      vertex 23.5929 70.9771 60
      vertex 23.726 70.9142 63
      vertex 23.5929 70.9771 63
    endloop
  endfacet
  facet normal -0.427269 -0.904125 -0
    outer loop
      vertex 23.726 70.9142 63
      vertex 23.5929 70.9771 60
      vertex 23.726 70.9142 60
    endloop
  endfacet
  facet normal 0.969982 -0.243175 0
    outer loop
      vertex 25.7354 71.8646 63
      vertex 25.7712 72.0074 55
      vertex 25.7712 72.0074 63
    endloop
  endfacet
  facet normal 0.969982 -0.243175 0
    outer loop
      vertex 25.7712 72.0074 55
      vertex 25.7354 71.8646 63
      vertex 25.7354 71.8646 55
    endloop
  endfacet
  facet normal -0.74123 -0.671251 0
    outer loop
      vertex 23.2393 71.2393 60
      vertex 23.1405 71.3484 63
      vertex 23.1405 71.3484 60
    endloop
  endfacet
  facet normal -0.74123 -0.671251 0
    outer loop
      vertex 23.1405 71.3484 63
      vertex 23.2393 71.2393 60
      vertex 23.2393 71.2393 63
    endloop
  endfacet
  facet normal 0.336939 0.941527 -0
    outer loop
      vertex 24.874 73.6858 60
      vertex 24.7354 73.7354 63
      vertex 24.874 73.6858 63
    endloop
  endfacet
  facet normal 0.336939 0.941527 0
    outer loop
      vertex 24.7354 73.7354 63
      vertex 24.874 73.6858 60
      vertex 24.7354 73.7354 60
    endloop
  endfacet
  facet normal 0.146746 -0.989174 0
    outer loop
      vertex 24.447 70.8072 60
      vertex 24.5926 70.8288 63
      vertex 24.447 70.8072 63
    endloop
  endfacet
  facet normal 0.146746 -0.989174 0
    outer loop
      vertex 24.5926 70.8288 63
      vertex 24.447 70.8072 60
      vertex 24.5926 70.8288 60
    endloop
  endfacet
  facet normal 0.74123 -0.671251 0
    outer loop
      vertex 25.3607 71.2393 63
      vertex 25.4595 71.3484 55
      vertex 25.4595 71.3484 63
    endloop
  endfacet
  facet normal 0.74123 -0.671251 0
    outer loop
      vertex 25.4595 71.3484 55
      vertex 25.3607 71.2393 63
      vertex 25.3607 71.2393 55
    endloop
  endfacet
  facet normal 0.803088 -0.595861 0
    outer loop
      vertex 25.4595 71.3484 63
      vertex 25.5472 71.4666 55
      vertex 25.5472 71.4666 63
    endloop
  endfacet
  facet normal 0.803088 -0.595861 0
    outer loop
      vertex 25.5472 71.4666 55
      vertex 25.4595 71.3484 63
      vertex 25.4595 71.3484 55
    endloop
  endfacet
  facet normal 0.904125 -0.427269 0
    outer loop
      vertex 25.6229 71.5929 63
      vertex 25.6858 71.726 55
      vertex 25.6858 71.726 63
    endloop
  endfacet
  facet normal 0.904125 -0.427269 0
    outer loop
      vertex 25.6858 71.726 55
      vertex 25.6229 71.5929 63
      vertex 25.6229 71.5929 55
    endloop
  endfacet
  facet normal 0.427269 0.904125 -0
    outer loop
      vertex 25.0071 73.6229 60
      vertex 24.874 73.6858 63
      vertex 25.0071 73.6229 63
    endloop
  endfacet
  facet normal 0.427269 0.904125 0
    outer loop
      vertex 24.874 73.6858 63
      vertex 25.0071 73.6229 60
      vertex 24.874 73.6858 60
    endloop
  endfacet
  facet normal -0.427269 0.904125 0
    outer loop
      vertex 23.726 73.6858 60
      vertex 23.5929 73.6229 63
      vertex 23.726 73.6858 63
    endloop
  endfacet
  facet normal -0.427269 0.904125 0
    outer loop
      vertex 23.5929 73.6229 63
      vertex 23.726 73.6858 60
      vertex 23.5929 73.6229 60
    endloop
  endfacet
  facet normal 0.857733 0.514096 0
    outer loop
      vertex 25.6229 73.0071 63
      vertex 25.5472 73.1334 55
      vertex 25.5472 73.1334 63
    endloop
  endfacet
  facet normal 0.857733 0.514096 0
    outer loop
      vertex 25.5472 73.1334 55
      vertex 25.6229 73.0071 63
      vertex 25.6229 73.0071 55
    endloop
  endfacet
  facet normal -0.0489209 0.998803 0
    outer loop
      vertex 24.3 73.8 60
      vertex 24.153 73.7928 63
      vertex 24.3 73.8 63
    endloop
  endfacet
  facet normal -0.0489209 0.998803 0
    outer loop
      vertex 24.153 73.7928 63
      vertex 24.3 73.8 60
      vertex 24.153 73.7928 60
    endloop
  endfacet
  facet normal -0.941527 0.336939 0
    outer loop
      vertex 22.8646 72.7354 60
      vertex 22.9142 72.874 63
      vertex 22.9142 72.874 60
    endloop
  endfacet
  facet normal -0.941527 0.336939 0
    outer loop
      vertex 22.9142 72.874 63
      vertex 22.8646 72.7354 60
      vertex 22.8646 72.7354 63
    endloop
  endfacet
  facet normal 0.0489209 0.998803 -0
    outer loop
      vertex 24.447 73.7928 60
      vertex 24.3 73.8 63
      vertex 24.447 73.7928 63
    endloop
  endfacet
  facet normal 0.0489209 0.998803 0
    outer loop
      vertex 24.3 73.8 63
      vertex 24.447 73.7928 60
      vertex 24.3 73.8 60
    endloop
  endfacet
  facet normal -0.514096 -0.857733 0
    outer loop
      vertex 23.4666 71.0528 60
      vertex 23.5929 70.9771 63
      vertex 23.4666 71.0528 63
    endloop
  endfacet
  facet normal -0.514096 -0.857733 -0
    outer loop
      vertex 23.5929 70.9771 63
      vertex 23.4666 71.0528 60
      vertex 23.5929 70.9771 60
    endloop
  endfacet
  facet normal -0.941527 -0.336939 0
    outer loop
      vertex 22.9142 71.726 60
      vertex 22.8646 71.8646 63
      vertex 22.8646 71.8646 60
    endloop
  endfacet
  facet normal -0.941527 -0.336939 0
    outer loop
      vertex 22.8646 71.8646 63
      vertex 22.9142 71.726 60
      vertex 22.9142 71.726 63
    endloop
  endfacet
  facet normal -0.969982 0.243175 0
    outer loop
      vertex 22.8288 72.5926 60
      vertex 22.8646 72.7354 63
      vertex 22.8646 72.7354 60
    endloop
  endfacet
  facet normal -0.969982 0.243175 0
    outer loop
      vertex 22.8646 72.7354 63
      vertex 22.8288 72.5926 60
      vertex 22.8288 72.5926 63
    endloop
  endfacet
  facet normal -0.857733 -0.514096 0
    outer loop
      vertex 23.0528 71.4666 60
      vertex 22.9771 71.5929 63
      vertex 22.9771 71.5929 60
    endloop
  endfacet
  facet normal -0.857733 -0.514096 0
    outer loop
      vertex 22.9771 71.5929 63
      vertex 23.0528 71.4666 60
      vertex 23.0528 71.4666 63
    endloop
  endfacet
  facet normal 0.243175 0.969982 -0
    outer loop
      vertex 24.7354 73.7354 60
      vertex 24.5926 73.7712 63
      vertex 24.7354 73.7354 63
    endloop
  endfacet
  facet normal 0.243175 0.969982 0
    outer loop
      vertex 24.5926 73.7712 63
      vertex 24.7354 73.7354 60
      vertex 24.5926 73.7712 60
    endloop
  endfacet
  facet normal -0.243175 0.969982 0
    outer loop
      vertex 24.0074 73.7712 60
      vertex 23.8646 73.7354 63
      vertex 24.0074 73.7712 63
    endloop
  endfacet
  facet normal -0.243175 0.969982 0
    outer loop
      vertex 23.8646 73.7354 63
      vertex 24.0074 73.7712 60
      vertex 23.8646 73.7354 60
    endloop
  endfacet
  facet normal 0.74123 0.671251 0
    outer loop
      vertex 25.4595 73.2516 63
      vertex 25.3607 73.3607 55
      vertex 25.3607 73.3607 63
    endloop
  endfacet
  facet normal 0.74123 0.671251 0
    outer loop
      vertex 25.3607 73.3607 55
      vertex 25.4595 73.2516 63
      vertex 25.4595 73.2516 55
    endloop
  endfacet
  facet normal 0.595861 -0.803088 0
    outer loop
      vertex 25.1334 71.0528 60
      vertex 25.2516 71.1405 63
      vertex 25.1334 71.0528 63
    endloop
  endfacet
  facet normal 0.595861 -0.803088 0
    outer loop
      vertex 25.2516 71.1405 63
      vertex 25.1334 71.0528 60
      vertex 25.2516 71.1405 60
    endloop
  endfacet
  facet normal 0.336939 -0.941527 0
    outer loop
      vertex 24.7354 70.8646 60
      vertex 24.874 70.9142 63
      vertex 24.7354 70.8646 63
    endloop
  endfacet
  facet normal 0.336939 -0.941527 0
    outer loop
      vertex 24.874 70.9142 63
      vertex 24.7354 70.8646 60
      vertex 24.874 70.9142 60
    endloop
  endfacet
  facet normal 0.243175 -0.969982 0
    outer loop
      vertex 24.5926 70.8288 60
      vertex 24.7354 70.8646 63
      vertex 24.5926 70.8288 63
    endloop
  endfacet
  facet normal 0.243175 -0.969982 0
    outer loop
      vertex 24.7354 70.8646 63
      vertex 24.5926 70.8288 60
      vertex 24.7354 70.8646 60
    endloop
  endfacet
  facet normal -0.904125 0.427269 0
    outer loop
      vertex 22.9142 72.874 60
      vertex 22.9771 73.0071 63
      vertex 22.9771 73.0071 60
    endloop
  endfacet
  facet normal -0.904125 0.427269 0
    outer loop
      vertex 22.9771 73.0071 63
      vertex 22.9142 72.874 60
      vertex 22.9142 72.874 63
    endloop
  endfacet
  facet normal -0.803088 -0.595861 0
    outer loop
      vertex 23.1405 71.3484 60
      vertex 23.0528 71.4666 63
      vertex 23.0528 71.4666 60
    endloop
  endfacet
  facet normal -0.803088 -0.595861 0
    outer loop
      vertex 23.0528 71.4666 63
      vertex 23.1405 71.3484 60
      vertex 23.1405 71.3484 63
    endloop
  endfacet
  facet normal -0.857733 0.514096 0
    outer loop
      vertex 22.9771 73.0071 60
      vertex 23.0528 73.1334 63
      vertex 23.0528 73.1334 60
    endloop
  endfacet
  facet normal -0.857733 0.514096 0
    outer loop
      vertex 23.0528 73.1334 63
      vertex 22.9771 73.0071 60
      vertex 22.9771 73.0071 63
    endloop
  endfacet
  facet normal -0.989174 0.146746 0
    outer loop
      vertex 22.8072 72.447 60
      vertex 22.8288 72.5926 63
      vertex 22.8288 72.5926 60
    endloop
  endfacet
  facet normal -0.989174 0.146746 0
    outer loop
      vertex 22.8288 72.5926 63
      vertex 22.8072 72.447 60
      vertex 22.8072 72.447 63
    endloop
  endfacet
  facet normal -0.595861 -0.803088 0
    outer loop
      vertex 23.3484 71.1405 60
      vertex 23.4666 71.0528 63
      vertex 23.3484 71.1405 63
    endloop
  endfacet
  facet normal -0.595861 -0.803088 -0
    outer loop
      vertex 23.4666 71.0528 63
      vertex 23.3484 71.1405 60
      vertex 23.4666 71.0528 60
    endloop
  endfacet
  facet normal -0.0489209 -0.998803 0
    outer loop
      vertex 24.153 70.8072 60
      vertex 24.3 70.8 63
      vertex 24.153 70.8072 63
    endloop
  endfacet
  facet normal -0.0489209 -0.998803 -0
    outer loop
      vertex 24.3 70.8 63
      vertex 24.153 70.8072 60
      vertex 24.3 70.8 60
    endloop
  endfacet
  facet normal 0 0 1
    outer loop
      vertex 25.7928 72.447 63
      vertex 25.7928 72.153 63
      vertex 25.8 72.3 63
    endloop
  endfacet
  facet normal 0 0 1
    outer loop
      vertex 25.7712 72.5926 63
      vertex 25.7928 72.153 63
      vertex 25.7928 72.447 63
    endloop
  endfacet
  facet normal 0 0 1
    outer loop
      vertex 25.7712 72.5926 63
      vertex 25.7712 72.0074 63
      vertex 25.7928 72.153 63
    endloop
  endfacet
  facet normal 0 0 1
    outer loop
      vertex 25.7354 72.7354 63
      vertex 25.7712 72.0074 63
      vertex 25.7712 72.5926 63
    endloop
  endfacet
  facet normal 0 0 1
    outer loop
      vertex 25.7354 72.7354 63
      vertex 25.7354 71.8646 63
      vertex 25.7712 72.0074 63
    endloop
  endfacet
  facet normal 0 0 1
    outer loop
      vertex 25.6858 72.874 63
      vertex 25.7354 71.8646 63
      vertex 25.7354 72.7354 63
    endloop
  endfacet
  facet normal 0 0 1
    outer loop
      vertex 25.6858 72.874 63
      vertex 25.6858 71.726 63
      vertex 25.7354 71.8646 63
    endloop
  endfacet
  facet normal 0 0 1
    outer loop
      vertex 25.6229 73.0071 63
      vertex 25.6858 71.726 63
      vertex 25.6858 72.874 63
    endloop
  endfacet
  facet normal 0 0 1
    outer loop
      vertex 25.6229 73.0071 63
      vertex 25.6229 71.5929 63
      vertex 25.6858 71.726 63
    endloop
  endfacet
  facet normal 0 0 1
    outer loop
      vertex 25.5472 73.1334 63
      vertex 25.6229 71.5929 63
      vertex 25.6229 73.0071 63
    endloop
  endfacet
  facet normal 0 0 1
    outer loop
      vertex 25.5472 73.1334 63
      vertex 25.5472 71.4666 63
      vertex 25.6229 71.5929 63
    endloop
  endfacet
  facet normal 0 0 1
    outer loop
      vertex 25.4595 73.2516 63
      vertex 25.5472 71.4666 63
      vertex 25.5472 73.1334 63
    endloop
  endfacet
  facet normal 0 0 1
    outer loop
      vertex 25.4595 73.2516 63
      vertex 25.4595 71.3484 63
      vertex 25.5472 71.4666 63
    endloop
  endfacet
  facet normal 0 0 1
    outer loop
      vertex 25.3607 73.3607 63
      vertex 25.4595 71.3484 63
      vertex 25.4595 73.2516 63
    endloop
  endfacet
  facet normal 0 0 1
    outer loop
      vertex 25.3607 73.3607 63
      vertex 25.3607 71.2393 63
      vertex 25.4595 71.3484 63
    endloop
  endfacet
  facet normal 0 0 1
    outer loop
      vertex 25.2516 73.4595 63
      vertex 25.3607 71.2393 63
      vertex 25.3607 73.3607 63
    endloop
  endfacet
  facet normal 0 0 1
    outer loop
      vertex 25.2516 73.4595 63
      vertex 25.2516 71.1405 63
      vertex 25.3607 71.2393 63
    endloop
  endfacet
  facet normal 0 0 1
    outer loop
      vertex 25.1334 73.5472 63
      vertex 25.2516 71.1405 63
      vertex 25.2516 73.4595 63
    endloop
  endfacet
  facet normal 0 0 1
    outer loop
      vertex 25.1334 73.5472 63
      vertex 25.1334 71.0528 63
      vertex 25.2516 71.1405 63
    endloop
  endfacet
  facet normal 0 0 1
    outer loop
      vertex 25.0071 73.6229 63
      vertex 25.1334 71.0528 63
      vertex 25.1334 73.5472 63
    endloop
  endfacet
  facet normal 0 0 1
    outer loop
      vertex 25.0071 73.6229 63
      vertex 25.0071 70.9771 63
      vertex 25.1334 71.0528 63
    endloop
  endfacet
  facet normal 0 0 1
    outer loop
      vertex 24.874 73.6858 63
      vertex 25.0071 70.9771 63
      vertex 25.0071 73.6229 63
    endloop
  endfacet
  facet normal 0 0 1
    outer loop
      vertex 24.874 73.6858 63
      vertex 24.874 70.9142 63
      vertex 25.0071 70.9771 63
    endloop
  endfacet
  facet normal 0 0 1
    outer loop
      vertex 24.7354 73.7354 63
      vertex 24.874 70.9142 63
      vertex 24.874 73.6858 63
    endloop
  endfacet
  facet normal 0 0 1
    outer loop
      vertex 24.7354 73.7354 63
      vertex 24.7354 70.8646 63
      vertex 24.874 70.9142 63
    endloop
  endfacet
  facet normal 0 0 1
    outer loop
      vertex 24.5926 73.7712 63
      vertex 24.7354 70.8646 63
      vertex 24.7354 73.7354 63
    endloop
  endfacet
  facet normal 0 0 1
    outer loop
      vertex 24.5926 73.7712 63
      vertex 24.5926 70.8288 63
      vertex 24.7354 70.8646 63
    endloop
  endfacet
  facet normal 0 0 1
    outer loop
      vertex 24.447 73.7928 63
      vertex 24.5926 70.8288 63
      vertex 24.5926 73.7712 63
    endloop
  endfacet
  facet normal 0 0 1
    outer loop
      vertex 24.447 73.7928 63
      vertex 24.447 70.8072 63
      vertex 24.5926 70.8288 63
    endloop
  endfacet
  facet normal 0 0 1
    outer loop
      vertex 24.3 73.8 63
      vertex 24.447 70.8072 63
      vertex 24.447 73.7928 63
    endloop
  endfacet
  facet normal 0 0 1
    outer loop
      vertex 24.3 73.8 63
      vertex 24.3 70.8 63
      vertex 24.447 70.8072 63
    endloop
  endfacet
  facet normal -0 0 1
    outer loop
      vertex 24.153 73.7928 63
      vertex 24.3 70.8 63
      vertex 24.3 73.8 63
    endloop
  endfacet
  facet normal 0 0 1
    outer loop
      vertex 24.153 73.7928 63
      vertex 24.153 70.8072 63
      vertex 24.3 70.8 63
    endloop
  endfacet
  facet normal -0 0 1
    outer loop
      vertex 24.0074 73.7712 63
      vertex 24.153 70.8072 63
      vertex 24.153 73.7928 63
    endloop
  endfacet
  facet normal 0 0 1
    outer loop
      vertex 24.0074 73.7712 63
      vertex 24.0074 70.8288 63
      vertex 24.153 70.8072 63
    endloop
  endfacet
  facet normal -0 0 1
    outer loop
      vertex 23.8646 73.7354 63
      vertex 24.0074 70.8288 63
      vertex 24.0074 73.7712 63
    endloop
  endfacet
  facet normal 0 0 1
    outer loop
      vertex 23.8646 73.7354 63
      vertex 23.8646 70.8646 63
      vertex 24.0074 70.8288 63
    endloop
  endfacet
  facet normal -0 0 1
    outer loop
      vertex 23.726 73.6858 63
      vertex 23.8646 70.8646 63
      vertex 23.8646 73.7354 63
    endloop
  endfacet
  facet normal 0 0 1
    outer loop
      vertex 23.726 73.6858 63
      vertex 23.726 70.9142 63
      vertex 23.8646 70.8646 63
    endloop
  endfacet
  facet normal -0 0 1
    outer loop
      vertex 23.5929 73.6229 63
      vertex 23.726 70.9142 63
      vertex 23.726 73.6858 63
    endloop
  endfacet
  facet normal 0 0 1
    outer loop
      vertex 23.5929 73.6229 63
      vertex 23.5929 70.9771 63
      vertex 23.726 70.9142 63
    endloop
  endfacet
  facet normal -0 0 1
    outer loop
      vertex 23.4666 73.5472 63
      vertex 23.5929 70.9771 63
      vertex 23.5929 73.6229 63
    endloop
  endfacet
  facet normal 0 0 1
    outer loop
      vertex 23.4666 73.5472 63
      vertex 23.4666 71.0528 63
      vertex 23.5929 70.9771 63
    endloop
  endfacet
  facet normal -0 0 1
    outer loop
      vertex 23.3484 73.4595 63
      vertex 23.4666 71.0528 63
      vertex 23.4666 73.5472 63
    endloop
  endfacet
  facet normal 0 0 1
    outer loop
      vertex 23.3484 73.4595 63
      vertex 23.3484 71.1405 63
      vertex 23.4666 71.0528 63
    endloop
  endfacet
  facet normal -0 0 1
    outer loop
      vertex 23.2393 73.3607 63
      vertex 23.3484 71.1405 63
      vertex 23.3484 73.4595 63
    endloop
  endfacet
  facet normal 0 0 1
    outer loop
      vertex 23.2393 73.3607 63
      vertex 23.2393 71.2393 63
      vertex 23.3484 71.1405 63
    endloop
  endfacet
  facet normal -0 0 1
    outer loop
      vertex 23.1405 73.2516 63
      vertex 23.2393 71.2393 63
      vertex 23.2393 73.3607 63
    endloop
  endfacet
  facet normal 0 0 1
    outer loop
      vertex 23.1405 73.2516 63
      vertex 23.1405 71.3484 63
      vertex 23.2393 71.2393 63
    endloop
  endfacet
  facet normal -0 0 1
    outer loop
      vertex 23.0528 73.1334 63
      vertex 23.1405 71.3484 63
      vertex 23.1405 73.2516 63
    endloop
  endfacet
  facet normal 0 0 1
    outer loop
      vertex 23.0528 73.1334 63
      vertex 23.0528 71.4666 63
      vertex 23.1405 71.3484 63
    endloop
  endfacet
  facet normal -0 0 1
    outer loop
      vertex 22.9771 73.0071 63
      vertex 23.0528 71.4666 63
      vertex 23.0528 73.1334 63
    endloop
  endfacet
  facet normal 0 0 1
    outer loop
      vertex 22.9771 73.0071 63
      vertex 22.9771 71.5929 63
      vertex 23.0528 71.4666 63
    endloop
  endfacet
  facet normal -0 0 1
    outer loop
      vertex 22.9142 72.874 63
      vertex 22.9771 71.5929 63
      vertex 22.9771 73.0071 63
    endloop
  endfacet
  facet normal 0 0 1
    outer loop
      vertex 22.9142 72.874 63
      vertex 22.9142 71.726 63
      vertex 22.9771 71.5929 63
    endloop
  endfacet
  facet normal -0 0 1
    outer loop
      vertex 22.8646 72.7354 63
      vertex 22.9142 71.726 63
      vertex 22.9142 72.874 63
    endloop
  endfacet
  facet normal 0 0 1
    outer loop
      vertex 22.8646 72.7354 63
      vertex 22.8646 71.8646 63
      vertex 22.9142 71.726 63
    endloop
  endfacet
  facet normal -0 0 1
    outer loop
      vertex 22.8288 72.5926 63
      vertex 22.8646 71.8646 63
      vertex 22.8646 72.7354 63
    endloop
  endfacet
  facet normal 0 0 1
    outer loop
      vertex 22.8288 72.5926 63
      vertex 22.8288 72.0074 63
      vertex 22.8646 71.8646 63
    endloop
  endfacet
  facet normal -0 0 1
    outer loop
      vertex 22.8072 72.447 63
      vertex 22.8288 72.0074 63
      vertex 22.8288 72.5926 63
    endloop
  endfacet
  facet normal 0 0 1
    outer loop
      vertex 22.8072 72.447 63
      vertex 22.8072 72.153 63
      vertex 22.8288 72.0074 63
    endloop
  endfacet
  facet normal 0 -0 1
    outer loop
      vertex 22.8072 72.153 63
      vertex 22.8072 72.447 63
      vertex 22.8 72.3 63
    endloop
  endfacet
  facet normal -0.595861 0.803088 0
    outer loop
      vertex 23.4666 73.5472 60
      vertex 23.3484 73.4595 63
      vertex 23.4666 73.5472 63
    endloop
  endfacet
  facet normal -0.595861 0.803088 0
    outer loop
      vertex 23.3484 73.4595 63
      vertex 23.4666 73.5472 60
      vertex 23.3484 73.4595 60
    endloop
  endfacet
  facet normal -0.998803 0.0489209 0
    outer loop
      vertex 22.8 72.3 60
      vertex 22.8072 72.447 63
      vertex 22.8072 72.447 60
    endloop
  endfacet
  facet normal -0.998803 0.0489209 0
    outer loop
      vertex 22.8072 72.447 63
      vertex 22.8 72.3 60
      vertex 22.8 72.3 63
    endloop
  endfacet
  facet normal 0.671834 -0.740701 0
    outer loop
      vertex 25.3 71.1844 60
      vertex 25.2516 71.1405 63
      vertex 25.2516 71.1405 60
    endloop
  endfacet
  facet normal 0.671251 -0.74123 -1.71436e-05
    outer loop
      vertex 25.2516 71.1405 63
      vertex 25.3 71.1844 60
      vertex 25.3607 71.2393 63
    endloop
  endfacet
  facet normal 0.670785 -0.741652 0
    outer loop
      vertex 25.3607 71.2393 55
      vertex 25.3 71.1844 60
      vertex 25.3 71.1844 55
    endloop
  endfacet
  facet normal 0.670785 -0.741652 0
    outer loop
      vertex 25.3 71.1844 60
      vertex 25.3607 71.2393 55
      vertex 25.3607 71.2393 63
    endloop
  endfacet
  facet normal 1 -0 0
    outer loop
      vertex 16.6 0 55
      vertex 16.6 16.6 0
      vertex 16.6 16.6 55
    endloop
  endfacet
  facet normal 1 0 0
    outer loop
      vertex 16.6 16.6 0
      vertex 16.6 0 55
      vertex 16.6 0 0
    endloop
  endfacet
  facet normal -0 0 1
    outer loop
      vertex -6.54048 71.3484 60
      vertex -0.519212 68.014 60
      vertex -6.4528 71.4666 60
    endloop
  endfacet
  facet normal 0 0 1
    outer loop
      vertex -1.7 63.3 60
      vertex -6.20722 54.447 60
      vertex -6.2 54.3 60
    endloop
  endfacet
  facet normal 0 0 1
    outer loop
      vertex -0.519212 68.014 60
      vertex -6.54048 71.3484 60
      vertex -0.938795 67.1268 60
    endloop
  endfacet
  facet normal 0 0 1
    outer loop
      vertex -1.7 63.3 60
      vertex -6.22882 54.5926 60
      vertex -6.20722 54.447 60
    endloop
  endfacet
  facet normal -0 0 1
    outer loop
      vertex -6.63934 71.2393 60
      vertex -0.938795 67.1268 60
      vertex -6.54048 71.3484 60
    endloop
  endfacet
  facet normal 0 0 1
    outer loop
      vertex -1.7 63.3 60
      vertex -6.26459 54.7354 60
      vertex -6.22882 54.5926 60
    endloop
  endfacet
  facet normal -0 0 1
    outer loop
      vertex -6.74841 71.1405 60
      vertex -0.938795 67.1268 60
      vertex -6.63934 71.2393 60
    endloop
  endfacet
  facet normal 0 0 1
    outer loop
      vertex -1.7 63.3 60
      vertex -6.31418 54.874 60
      vertex -6.26459 54.7354 60
    endloop
  endfacet
  facet normal -0 0 1
    outer loop
      vertex -6.86664 71.0528 60
      vertex -0.938795 67.1268 60
      vertex -6.74841 71.1405 60
    endloop
  endfacet
  facet normal 0 0 1
    outer loop
      vertex -1.7 63.3 60
      vertex -6.37712 55.0071 60
      vertex -6.31418 54.874 60
    endloop
  endfacet
  facet normal 0 0 1
    outer loop
      vertex -0.938795 67.1268 60
      vertex -6.86664 71.0528 60
      vertex -1.2694 66.2029 60
    endloop
  endfacet
  facet normal 0 0 1
    outer loop
      vertex -1.7 63.3 60
      vertex -6.4528 55.1334 60
      vertex -6.37712 55.0071 60
    endloop
  endfacet
  facet normal -0 0 1
    outer loop
      vertex -6.9929 70.9771 60
      vertex -1.2694 66.2029 60
      vertex -6.86664 71.0528 60
    endloop
  endfacet
  facet normal 0 0 1
    outer loop
      vertex -1.7 63.3 60
      vertex -6.54048 55.2516 60
      vertex -6.4528 55.1334 60
    endloop
  endfacet
  facet normal -0 0 1
    outer loop
      vertex -7.12597 70.9142 60
      vertex -1.2694 66.2029 60
      vertex -6.9929 70.9771 60
    endloop
  endfacet
  facet normal 0 0 1
    outer loop
      vertex -1.7 63.3 60
      vertex -6.63934 55.3607 60
      vertex -6.54048 55.2516 60
    endloop
  endfacet
  facet normal 0 0 1
    outer loop
      vertex -1.2694 66.2029 60
      vertex -7.12597 70.9142 60
      vertex -1.50785 65.2509 60
    endloop
  endfacet
  facet normal 0 0 1
    outer loop
      vertex -1.7 63.3 60
      vertex -6.74841 55.4595 60
      vertex -6.63934 55.3607 60
    endloop
  endfacet
  facet normal -0 0 1
    outer loop
      vertex -7.26457 70.8646 60
      vertex -1.50785 65.2509 60
      vertex -7.12597 70.9142 60
    endloop
  endfacet
  facet normal 0 0 1
    outer loop
      vertex -1.7 63.3 60
      vertex -6.86664 55.5472 60
      vertex -6.74841 55.4595 60
    endloop
  endfacet
  facet normal -0 0 1
    outer loop
      vertex -7.40736 70.8288 60
      vertex -1.50785 65.2509 60
      vertex -7.26457 70.8646 60
    endloop
  endfacet
  facet normal 0 0 1
    outer loop
      vertex -1.7 63.3 60
      vertex -6.9929 55.6229 60
      vertex -6.86664 55.5472 60
    endloop
  endfacet
  facet normal -0 0 1
    outer loop
      vertex -7.55297 70.8072 60
      vertex -1.50785 65.2509 60
      vertex -7.40736 70.8288 60
    endloop
  endfacet
  facet normal 0 0 1
    outer loop
      vertex -1.7 63.3 60
      vertex -7.12597 55.6858 60
      vertex -6.9929 55.6229 60
    endloop
  endfacet
  facet normal 0 0 1
    outer loop
      vertex -1.50785 65.2509 60
      vertex -7.55297 70.8072 60
      vertex -1.65185 64.2802 60
    endloop
  endfacet
  facet normal 0 0 1
    outer loop
      vertex -1.7 63.3 60
      vertex -7.26457 55.7354 60
      vertex -7.12597 55.6858 60
    endloop
  endfacet
  facet normal -0 0 1
    outer loop
      vertex -7.7 70.8 60
      vertex -1.65185 64.2802 60
      vertex -7.55297 70.8072 60
    endloop
  endfacet
  facet normal 0 0 1
    outer loop
      vertex -1.7 63.3 60
      vertex -7.40736 55.7712 60
      vertex -7.26457 55.7354 60
    endloop
  endfacet
  facet normal 0 0 1
    outer loop
      vertex -7.84702 70.8072 60
      vertex -1.65185 64.2802 60
      vertex -7.7 70.8 60
    endloop
  endfacet
  facet normal 0 0 1
    outer loop
      vertex -1.7 63.3 60
      vertex -7.55297 55.7928 60
      vertex -7.40736 55.7712 60
    endloop
  endfacet
  facet normal 0 0 1
    outer loop
      vertex -1.65185 64.2802 60
      vertex -7.84702 70.8072 60
      vertex -1.7 63.3 60
    endloop
  endfacet
  facet normal 0 0 1
    outer loop
      vertex -1.7 63.3 60
      vertex -7.7 55.8 60
      vertex -7.55297 55.7928 60
    endloop
  endfacet
  facet normal 0 0 1
    outer loop
      vertex -7.99263 70.8288 60
      vertex -1.7 63.3 60
      vertex -7.84702 70.8072 60
    endloop
  endfacet
  facet normal 0 0 1
    outer loop
      vertex -1.7 63.3 60
      vertex -7.84702 55.7928 60
      vertex -7.7 55.8 60
    endloop
  endfacet
  facet normal 0 0 1
    outer loop
      vertex -7.99263 55.7712 60
      vertex -1.7 63.3 60
      vertex -7.99263 70.8288 60
    endloop
  endfacet
  facet normal 0 0 1
    outer loop
      vertex -1.7 63.3 60
      vertex -7.99263 55.7712 60
      vertex -7.84702 55.7928 60
    endloop
  endfacet
  facet normal 0 0 1
    outer loop
      vertex -8.13543 70.8646 60
      vertex -7.99263 55.7712 60
      vertex -7.99263 70.8288 60
    endloop
  endfacet
  facet normal 0 0 1
    outer loop
      vertex -8.13543 70.8646 60
      vertex -8.13543 55.7354 60
      vertex -7.99263 55.7712 60
    endloop
  endfacet
  facet normal 0 0 1
    outer loop
      vertex -8.27402 70.9142 60
      vertex -8.13543 55.7354 60
      vertex -8.13543 70.8646 60
    endloop
  endfacet
  facet normal 0 0 1
    outer loop
      vertex -8.27402 70.9142 60
      vertex -8.27402 55.6858 60
      vertex -8.13543 55.7354 60
    endloop
  endfacet
  facet normal 0 0 1
    outer loop
      vertex -8.40709 70.9771 60
      vertex -8.27402 55.6858 60
      vertex -8.27402 70.9142 60
    endloop
  endfacet
  facet normal 0 0 1
    outer loop
      vertex -8.40709 70.9771 60
      vertex -8.40709 55.6229 60
      vertex -8.27402 55.6858 60
    endloop
  endfacet
  facet normal 0 0 1
    outer loop
      vertex -8.53335 71.0528 60
      vertex -8.40709 55.6229 60
      vertex -8.40709 70.9771 60
    endloop
  endfacet
  facet normal 0 0 1
    outer loop
      vertex -8.53335 71.0528 60
      vertex -8.53335 55.5472 60
      vertex -8.40709 55.6229 60
    endloop
  endfacet
  facet normal 0 0 1
    outer loop
      vertex -8.65159 71.1405 60
      vertex -8.53335 55.5472 60
      vertex -8.53335 71.0528 60
    endloop
  endfacet
  facet normal 0 0 1
    outer loop
      vertex -8.65159 71.1405 60
      vertex -8.65159 55.4595 60
      vertex -8.53335 55.5472 60
    endloop
  endfacet
  facet normal 0 0 1
    outer loop
      vertex -8.7 71.1844 60
      vertex -8.65159 55.4595 60
      vertex -8.65159 71.1405 60
    endloop
  endfacet
  facet normal 0 0 1
    outer loop
      vertex -8.65159 55.4595 60
      vertex -8.7 71.1844 60
      vertex -8.7 55.4156 60
    endloop
  endfacet
  facet normal 0 0 1
    outer loop
      vertex 25.3 78.3 60
      vertex 25.2516 73.4595 60
      vertex 25.3 73.4156 60
    endloop
  endfacet
  facet normal 0 0 1
    outer loop
      vertex 25.3 78.3 60
      vertex 25.1334 73.5472 60
      vertex 25.2516 73.4595 60
    endloop
  endfacet
  facet normal 0 0 1
    outer loop
      vertex 25.3 78.3 60
      vertex 25.0071 73.6229 60
      vertex 25.1334 73.5472 60
    endloop
  endfacet
  facet normal 0 0 1
    outer loop
      vertex 25.3 78.3 60
      vertex 24.874 73.6858 60
      vertex 25.0071 73.6229 60
    endloop
  endfacet
  facet normal 0 0 1
    outer loop
      vertex 25.3 78.3 60
      vertex 24.7354 73.7354 60
      vertex 24.874 73.6858 60
    endloop
  endfacet
  facet normal 0 0 1
    outer loop
      vertex 25.3 78.3 60
      vertex 24.5926 73.7712 60
      vertex 24.7354 73.7354 60
    endloop
  endfacet
  facet normal 0 0 1
    outer loop
      vertex 25.3 78.3 60
      vertex 24.447 73.7928 60
      vertex 24.5926 73.7712 60
    endloop
  endfacet
  facet normal 0 0 1
    outer loop
      vertex 25.3 78.3 60
      vertex 24.3 73.8 60
      vertex 24.447 73.7928 60
    endloop
  endfacet
  facet normal 0 0 1
    outer loop
      vertex 25.3 78.3 60
      vertex 24.153 73.7928 60
      vertex 24.3 73.8 60
    endloop
  endfacet
  facet normal 0 0 1
    outer loop
      vertex 25.3 78.3 60
      vertex 24.0074 73.7712 60
      vertex 24.153 73.7928 60
    endloop
  endfacet
  facet normal 0 0 1
    outer loop
      vertex 25.3 78.3 60
      vertex 23.8646 73.7354 60
      vertex 24.0074 73.7712 60
    endloop
  endfacet
  facet normal 0 0 1
    outer loop
      vertex 25.3 78.3 60
      vertex 23.726 73.6858 60
      vertex 23.8646 73.7354 60
    endloop
  endfacet
  facet normal 0 0 1
    outer loop
      vertex 25.3 78.3 60
      vertex 23.5929 73.6229 60
      vertex 23.726 73.6858 60
    endloop
  endfacet
  facet normal 0 0 1
    outer loop
      vertex 25.3 78.3 60
      vertex 23.4666 73.5472 60
      vertex 23.5929 73.6229 60
    endloop
  endfacet
  facet normal 0 0 1
    outer loop
      vertex 25.3 78.3 60
      vertex 23.3484 73.4595 60
      vertex 23.4666 73.5472 60
    endloop
  endfacet
  facet normal 0 0 1
    outer loop
      vertex 25.3 78.3 60
      vertex 23.2393 73.3607 60
      vertex 23.3484 73.4595 60
    endloop
  endfacet
  facet normal 0 0 1
    outer loop
      vertex 13.014 72.1192 60
      vertex 23.2393 73.3607 60
      vertex 25.3 78.3 60
    endloop
  endfacet
  facet normal 0 0 1
    outer loop
      vertex 23.2393 73.3607 60
      vertex 13.014 72.1192 60
      vertex 23.1405 73.2516 60
    endloop
  endfacet
  facet normal 0 0 1
    outer loop
      vertex 23.1405 73.2516 60
      vertex 13.8557 71.6147 60
      vertex 23.0528 73.1334 60
    endloop
  endfacet
  facet normal 0 0 1
    outer loop
      vertex 23.0528 73.1334 60
      vertex 13.8557 71.6147 60
      vertex 22.9771 73.0071 60
    endloop
  endfacet
  facet normal 0 0 1
    outer loop
      vertex 22.8072 54.447 60
      vertex 20.3 48.3 60
      vertex 22.8 54.3 60
    endloop
  endfacet
  facet normal 0 0 1
    outer loop
      vertex 16.0301 69.6439 60
      vertex 22.8 72.3 60
      vertex 22.8072 72.447 60
    endloop
  endfacet
  facet normal 0 0 1
    outer loop
      vertex 22.8072 72.153 60
      vertex 18.2518 62.3198 60
      vertex 18.1079 61.3491 60
    endloop
  endfacet
  facet normal 0 0 1
    outer loop
      vertex 22.8072 72.153 60
      vertex 18.3 63.3 60
      vertex 18.2518 62.3198 60
    endloop
  endfacet
  facet normal 0 0 1
    outer loop
      vertex 15.3711 70.3711 60
      vertex 22.8072 72.447 60
      vertex 22.8288 72.5926 60
    endloop
  endfacet
  facet normal 0 0 1
    outer loop
      vertex 15.3711 70.3711 60
      vertex 22.8288 72.5926 60
      vertex 22.8646 72.7354 60
    endloop
  endfacet
  facet normal 0 0 1
    outer loop
      vertex 14.6439 71.0301 60
      vertex 22.8646 72.7354 60
      vertex 22.9142 72.874 60
    endloop
  endfacet
  facet normal 0 -0 1
    outer loop
      vertex 14.6439 71.0301 60
      vertex 22.9771 73.0071 60
      vertex 13.8557 71.6147 60
    endloop
  endfacet
  facet normal 0 0 1
    outer loop
      vertex 22.8072 72.153 60
      vertex 18.2518 64.2802 60
      vertex 18.3 63.3 60
    endloop
  endfacet
  facet normal 0 0 1
    outer loop
      vertex 22.8072 72.153 60
      vertex 18.1079 65.2509 60
      vertex 18.2518 64.2802 60
    endloop
  endfacet
  facet normal 0 0 1
    outer loop
      vertex 22.8072 72.153 60
      vertex 17.8694 66.2029 60
      vertex 18.1079 65.2509 60
    endloop
  endfacet
  facet normal 0 0 1
    outer loop
      vertex 22.8072 72.153 60
      vertex 17.5388 67.1268 60
      vertex 17.8694 66.2029 60
    endloop
  endfacet
  facet normal 0 0 1
    outer loop
      vertex 22.8072 72.153 60
      vertex 17.1192 68.014 60
      vertex 17.5388 67.1268 60
    endloop
  endfacet
  facet normal 0 0 1
    outer loop
      vertex 22.8072 72.153 60
      vertex 16.6147 68.8557 60
      vertex 17.1192 68.014 60
    endloop
  endfacet
  facet normal 0 0 1
    outer loop
      vertex 22.8072 72.153 60
      vertex 16.0301 69.6439 60
      vertex 16.6147 68.8557 60
    endloop
  endfacet
  facet normal 0 0 1
    outer loop
      vertex 22.8072 72.447 60
      vertex 15.3711 70.3711 60
      vertex 16.0301 69.6439 60
    endloop
  endfacet
  facet normal 0 0 1
    outer loop
      vertex 22.8646 72.7354 60
      vertex 14.6439 71.0301 60
      vertex 15.3711 70.3711 60
    endloop
  endfacet
  facet normal 0 0 1
    outer loop
      vertex 22.9771 73.0071 60
      vertex 14.6439 71.0301 60
      vertex 22.9142 72.874 60
    endloop
  endfacet
  facet normal 0 0 1
    outer loop
      vertex 23.1405 73.2516 60
      vertex 13.014 72.1192 60
      vertex 13.8557 71.6147 60
    endloop
  endfacet
  facet normal 0 0 1
    outer loop
      vertex 25.3 78.3 60
      vertex 12.1268 72.5388 60
      vertex 13.014 72.1192 60
    endloop
  endfacet
  facet normal 0 0 1
    outer loop
      vertex 25.3 78.3 60
      vertex 11.2028 72.8694 60
      vertex 12.1268 72.5388 60
    endloop
  endfacet
  facet normal 0 0 1
    outer loop
      vertex 25.3 78.3 60
      vertex 10.2509 73.1078 60
      vertex 11.2028 72.8694 60
    endloop
  endfacet
  facet normal 0 0 1
    outer loop
      vertex 25.3 78.3 60
      vertex 9.28017 73.2518 60
      vertex 10.2509 73.1078 60
    endloop
  endfacet
  facet normal 0 0 1
    outer loop
      vertex 25.3 78.3 60
      vertex 8.3 73.3 60
      vertex 9.28017 73.2518 60
    endloop
  endfacet
  facet normal -0 0 1
    outer loop
      vertex -8.7 78.3 60
      vertex 8.3 73.3 60
      vertex 25.3 78.3 60
    endloop
  endfacet
  facet normal 0 0 1
    outer loop
      vertex 8.3 73.3 60
      vertex -8.7 78.3 60
      vertex 7.31983 73.2518 60
    endloop
  endfacet
  facet normal 0 0 1
    outer loop
      vertex 7.31983 73.2518 60
      vertex -8.7 78.3 60
      vertex 6.3491 73.1078 60
    endloop
  endfacet
  facet normal -0 0 1
    outer loop
      vertex -6.37712 71.5929 60
      vertex -0.519212 68.014 60
      vertex -6.31418 71.726 60
    endloop
  endfacet
  facet normal -0 0 1
    outer loop
      vertex -6.4528 71.4666 60
      vertex -0.519212 68.014 60
      vertex -6.37712 71.5929 60
    endloop
  endfacet
  facet normal 0 0 1
    outer loop
      vertex -0.0146961 68.8557 60
      vertex -6.31418 71.726 60
      vertex -0.519212 68.014 60
    endloop
  endfacet
  facet normal -0 0 1
    outer loop
      vertex -6.31418 71.726 60
      vertex -0.0146961 68.8557 60
      vertex -6.26459 71.8646 60
    endloop
  endfacet
  facet normal -0 0 1
    outer loop
      vertex -6.26459 71.8646 60
      vertex -0.0146961 68.8557 60
      vertex -6.22882 72.0074 60
    endloop
  endfacet
  facet normal 0 0 1
    outer loop
      vertex 0.569895 69.6439 60
      vertex -6.22882 72.0074 60
      vertex -0.0146961 68.8557 60
    endloop
  endfacet
  facet normal -0 0 1
    outer loop
      vertex -6.22882 72.0074 60
      vertex 0.569895 69.6439 60
      vertex -6.20722 72.153 60
    endloop
  endfacet
  facet normal -0 0 1
    outer loop
      vertex -6.20722 72.153 60
      vertex 0.569895 69.6439 60
      vertex -6.2 72.3 60
    endloop
  endfacet
  facet normal 0 0 1
    outer loop
      vertex -6.20722 72.447 60
      vertex 0.569895 69.6439 60
      vertex 1.22893 70.3711 60
    endloop
  endfacet
  facet normal 0 0 1
    outer loop
      vertex -6.26459 72.7354 60
      vertex 1.22893 70.3711 60
      vertex 1.95607 71.0301 60
    endloop
  endfacet
  facet normal 0 0 1
    outer loop
      vertex -6.37712 73.0071 60
      vertex 1.95607 71.0301 60
      vertex 2.7443 71.6147 60
    endloop
  endfacet
  facet normal 0 0 1
    outer loop
      vertex -6.54048 73.2516 60
      vertex 2.7443 71.6147 60
      vertex 3.58603 72.1192 60
    endloop
  endfacet
  facet normal 0 0 1
    outer loop
      vertex -8.7 78.3 60
      vertex 3.58603 72.1192 60
      vertex 4.47317 72.5388 60
    endloop
  endfacet
  facet normal 0 0 1
    outer loop
      vertex -8.7 78.3 60
      vertex 4.47317 72.5388 60
      vertex 5.39715 72.8694 60
    endloop
  endfacet
  facet normal 0 0 1
    outer loop
      vertex 6.3491 73.1078 60
      vertex -8.7 78.3 60
      vertex 5.39715 72.8694 60
    endloop
  endfacet
  facet normal 0 0 1
    outer loop
      vertex 0.569895 69.6439 60
      vertex -6.20722 72.447 60
      vertex -6.2 72.3 60
    endloop
  endfacet
  facet normal 0 0 1
    outer loop
      vertex 1.22893 70.3711 60
      vertex -6.22882 72.5926 60
      vertex -6.20722 72.447 60
    endloop
  endfacet
  facet normal 0 0 1
    outer loop
      vertex 1.22893 70.3711 60
      vertex -6.26459 72.7354 60
      vertex -6.22882 72.5926 60
    endloop
  endfacet
  facet normal 0 0 1
    outer loop
      vertex 1.95607 71.0301 60
      vertex -6.31418 72.874 60
      vertex -6.26459 72.7354 60
    endloop
  endfacet
  facet normal 0 0 1
    outer loop
      vertex 1.95607 71.0301 60
      vertex -6.37712 73.0071 60
      vertex -6.31418 72.874 60
    endloop
  endfacet
  facet normal 0 0 1
    outer loop
      vertex 2.7443 71.6147 60
      vertex -6.4528 73.1334 60
      vertex -6.37712 73.0071 60
    endloop
  endfacet
  facet normal -0 -0 1
    outer loop
      vertex -6.63934 73.3607 60
      vertex 3.58603 72.1192 60
      vertex -8.7 78.3 60
    endloop
  endfacet
  facet normal 0 0 1
    outer loop
      vertex 2.7443 71.6147 60
      vertex -6.54048 73.2516 60
      vertex -6.4528 73.1334 60
    endloop
  endfacet
  facet normal 0 0 1
    outer loop
      vertex 3.58603 72.1192 60
      vertex -6.63934 73.3607 60
      vertex -6.54048 73.2516 60
    endloop
  endfacet
  facet normal 0 0 1
    outer loop
      vertex -6.63934 73.3607 60
      vertex -8.7 78.3 60
      vertex -6.74841 73.4595 60
    endloop
  endfacet
  facet normal 0 0 1
    outer loop
      vertex -6.74841 73.4595 60
      vertex -8.7 78.3 60
      vertex -6.86664 73.5472 60
    endloop
  endfacet
  facet normal 0 0 1
    outer loop
      vertex -6.86664 73.5472 60
      vertex -8.7 78.3 60
      vertex -6.9929 73.6229 60
    endloop
  endfacet
  facet normal 0 0 1
    outer loop
      vertex -6.9929 73.6229 60
      vertex -8.7 78.3 60
      vertex -7.12597 73.6858 60
    endloop
  endfacet
  facet normal 0 0 1
    outer loop
      vertex -7.12597 73.6858 60
      vertex -8.7 78.3 60
      vertex -7.26457 73.7354 60
    endloop
  endfacet
  facet normal 0 0 1
    outer loop
      vertex -7.26457 73.7354 60
      vertex -8.7 78.3 60
      vertex -7.40736 73.7712 60
    endloop
  endfacet
  facet normal 0 0 1
    outer loop
      vertex -7.40736 73.7712 60
      vertex -8.7 78.3 60
      vertex -7.55297 73.7928 60
    endloop
  endfacet
  facet normal 0 0 1
    outer loop
      vertex -7.55297 73.7928 60
      vertex -8.7 78.3 60
      vertex -7.7 73.8 60
    endloop
  endfacet
  facet normal 0 0 1
    outer loop
      vertex -7.7 73.8 60
      vertex -8.7 78.3 60
      vertex -7.84702 73.7928 60
    endloop
  endfacet
  facet normal 0 0 1
    outer loop
      vertex -8.7 78.3 60
      vertex -7.99263 73.7712 60
      vertex -7.84702 73.7928 60
    endloop
  endfacet
  facet normal 0 0 1
    outer loop
      vertex -8.7 78.3 60
      vertex -8.13543 73.7354 60
      vertex -7.99263 73.7712 60
    endloop
  endfacet
  facet normal 0 0 1
    outer loop
      vertex -8.7 78.3 60
      vertex -8.27402 73.6858 60
      vertex -8.13543 73.7354 60
    endloop
  endfacet
  facet normal 0 0 1
    outer loop
      vertex -8.7 78.3 60
      vertex -8.40709 73.6229 60
      vertex -8.27402 73.6858 60
    endloop
  endfacet
  facet normal 0 0 1
    outer loop
      vertex -8.7 78.3 60
      vertex -8.53335 73.5472 60
      vertex -8.40709 73.6229 60
    endloop
  endfacet
  facet normal 0 0 1
    outer loop
      vertex -8.7 78.3 60
      vertex -8.65159 73.4595 60
      vertex -8.53335 73.5472 60
    endloop
  endfacet
  facet normal 0 0 1
    outer loop
      vertex -8.65159 73.4595 60
      vertex -8.7 78.3 60
      vertex -8.7 73.4156 60
    endloop
  endfacet
  facet normal -0 0 1
    outer loop
      vertex 25.2516 71.1405 60
      vertex 25.3 55.4156 60
      vertex 25.3 71.1844 60
    endloop
  endfacet
  facet normal 0 0 1
    outer loop
      vertex 25.2516 71.1405 60
      vertex 25.2516 55.4595 60
      vertex 25.3 55.4156 60
    endloop
  endfacet
  facet normal -0 0 1
    outer loop
      vertex 25.1334 71.0528 60
      vertex 25.2516 55.4595 60
      vertex 25.2516 71.1405 60
    endloop
  endfacet
  facet normal 0 0 1
    outer loop
      vertex 25.1334 71.0528 60
      vertex 25.1334 55.5472 60
      vertex 25.2516 55.4595 60
    endloop
  endfacet
  facet normal -0 0 1
    outer loop
      vertex 25.0071 70.9771 60
      vertex 25.1334 55.5472 60
      vertex 25.1334 71.0528 60
    endloop
  endfacet
  facet normal 0 0 1
    outer loop
      vertex 25.0071 70.9771 60
      vertex 25.0071 55.6229 60
      vertex 25.1334 55.5472 60
    endloop
  endfacet
  facet normal -0 0 1
    outer loop
      vertex 24.874 70.9142 60
      vertex 25.0071 55.6229 60
      vertex 25.0071 70.9771 60
    endloop
  endfacet
  facet normal 0 0 1
    outer loop
      vertex 24.874 70.9142 60
      vertex 24.874 55.6858 60
      vertex 25.0071 55.6229 60
    endloop
  endfacet
  facet normal -0 0 1
    outer loop
      vertex 24.7354 70.8646 60
      vertex 24.874 55.6858 60
      vertex 24.874 70.9142 60
    endloop
  endfacet
  facet normal 0 0 1
    outer loop
      vertex 24.7354 70.8646 60
      vertex 24.7354 55.7354 60
      vertex 24.874 55.6858 60
    endloop
  endfacet
  facet normal -0 0 1
    outer loop
      vertex 24.5926 70.8288 60
      vertex 24.7354 55.7354 60
      vertex 24.7354 70.8646 60
    endloop
  endfacet
  facet normal 0 0 1
    outer loop
      vertex 24.5926 70.8288 60
      vertex 24.5926 55.7712 60
      vertex 24.7354 55.7354 60
    endloop
  endfacet
  facet normal -0 0 1
    outer loop
      vertex 24.447 70.8072 60
      vertex 24.5926 55.7712 60
      vertex 24.5926 70.8288 60
    endloop
  endfacet
  facet normal 0 0 1
    outer loop
      vertex 24.447 70.8072 60
      vertex 24.447 55.7928 60
      vertex 24.5926 55.7712 60
    endloop
  endfacet
  facet normal -0 0 1
    outer loop
      vertex 24.3 70.8 60
      vertex 24.447 55.7928 60
      vertex 24.447 70.8072 60
    endloop
  endfacet
  facet normal 0 0 1
    outer loop
      vertex 24.3 70.8 60
      vertex 24.3 55.8 60
      vertex 24.447 55.7928 60
    endloop
  endfacet
  facet normal 0 0 1
    outer loop
      vertex 24.153 70.8072 60
      vertex 24.3 55.8 60
      vertex 24.3 70.8 60
    endloop
  endfacet
  facet normal 0 0 1
    outer loop
      vertex 24.153 70.8072 60
      vertex 24.153 55.7928 60
      vertex 24.3 55.8 60
    endloop
  endfacet
  facet normal 0 0 1
    outer loop
      vertex 24.0074 70.8288 60
      vertex 24.153 55.7928 60
      vertex 24.153 70.8072 60
    endloop
  endfacet
  facet normal 0 0 1
    outer loop
      vertex 24.0074 70.8288 60
      vertex 24.0074 55.7712 60
      vertex 24.153 55.7928 60
    endloop
  endfacet
  facet normal 0 0 1
    outer loop
      vertex 23.8646 70.8646 60
      vertex 24.0074 55.7712 60
      vertex 24.0074 70.8288 60
    endloop
  endfacet
  facet normal 0 0 1
    outer loop
      vertex 23.8646 70.8646 60
      vertex 23.8646 55.7354 60
      vertex 24.0074 55.7712 60
    endloop
  endfacet
  facet normal 0 0 1
    outer loop
      vertex 23.726 70.9142 60
      vertex 23.8646 55.7354 60
      vertex 23.8646 70.8646 60
    endloop
  endfacet
  facet normal 0 0 1
    outer loop
      vertex 23.726 70.9142 60
      vertex 23.726 55.6858 60
      vertex 23.8646 55.7354 60
    endloop
  endfacet
  facet normal 0 0 1
    outer loop
      vertex 23.5929 70.9771 60
      vertex 23.726 55.6858 60
      vertex 23.726 70.9142 60
    endloop
  endfacet
  facet normal 0 0 1
    outer loop
      vertex 23.5929 70.9771 60
      vertex 23.5929 55.6229 60
      vertex 23.726 55.6858 60
    endloop
  endfacet
  facet normal 0 0 1
    outer loop
      vertex 23.4666 71.0528 60
      vertex 23.5929 55.6229 60
      vertex 23.5929 70.9771 60
    endloop
  endfacet
  facet normal 0 0 1
    outer loop
      vertex 23.4666 71.0528 60
      vertex 23.4666 55.5472 60
      vertex 23.5929 55.6229 60
    endloop
  endfacet
  facet normal 0 0 1
    outer loop
      vertex 23.3484 71.1405 60
      vertex 23.4666 55.5472 60
      vertex 23.4666 71.0528 60
    endloop
  endfacet
  facet normal 0 0 1
    outer loop
      vertex 23.3484 71.1405 60
      vertex 23.3484 55.4595 60
      vertex 23.4666 55.5472 60
    endloop
  endfacet
  facet normal 0 0 1
    outer loop
      vertex 23.2393 71.2393 60
      vertex 23.3484 55.4595 60
      vertex 23.3484 71.1405 60
    endloop
  endfacet
  facet normal 0 0 1
    outer loop
      vertex 23.2393 71.2393 60
      vertex 23.2393 55.3607 60
      vertex 23.3484 55.4595 60
    endloop
  endfacet
  facet normal 0 0 1
    outer loop
      vertex 23.1405 71.3484 60
      vertex 23.2393 55.3607 60
      vertex 23.2393 71.2393 60
    endloop
  endfacet
  facet normal 0 0 1
    outer loop
      vertex 23.1405 71.3484 60
      vertex 23.1405 55.2516 60
      vertex 23.2393 55.3607 60
    endloop
  endfacet
  facet normal 0 0 1
    outer loop
      vertex 23.0528 71.4666 60
      vertex 23.1405 55.2516 60
      vertex 23.1405 71.3484 60
    endloop
  endfacet
  facet normal 0 0 1
    outer loop
      vertex 23.0528 71.4666 60
      vertex 23.0528 55.1334 60
      vertex 23.1405 55.2516 60
    endloop
  endfacet
  facet normal 0 0 1
    outer loop
      vertex 22.9771 71.5929 60
      vertex 23.0528 55.1334 60
      vertex 23.0528 71.4666 60
    endloop
  endfacet
  facet normal 0 0 1
    outer loop
      vertex 22.9771 71.5929 60
      vertex 22.9771 55.0071 60
      vertex 23.0528 55.1334 60
    endloop
  endfacet
  facet normal 0 0 1
    outer loop
      vertex 22.9142 71.726 60
      vertex 22.9771 55.0071 60
      vertex 22.9771 71.5929 60
    endloop
  endfacet
  facet normal 0 0 1
    outer loop
      vertex 22.9142 71.726 60
      vertex 22.9142 54.874 60
      vertex 22.9771 55.0071 60
    endloop
  endfacet
  facet normal 0 0 1
    outer loop
      vertex 22.8646 71.8646 60
      vertex 22.9142 54.874 60
      vertex 22.9142 71.726 60
    endloop
  endfacet
  facet normal 0 0 1
    outer loop
      vertex 22.8646 71.8646 60
      vertex 22.8646 54.7354 60
      vertex 22.9142 54.874 60
    endloop
  endfacet
  facet normal 0 0 1
    outer loop
      vertex 20.3 48.3 60
      vertex 22.8646 71.8646 60
      vertex 22.8288 72.0074 60
    endloop
  endfacet
  facet normal 0 0 1
    outer loop
      vertex 22.8646 71.8646 60
      vertex 20.3 48.3 60
      vertex 22.8646 54.7354 60
    endloop
  endfacet
  facet normal 0 0 1
    outer loop
      vertex 20.3 48.3 60
      vertex 22.8288 72.0074 60
      vertex 22.8072 72.153 60
    endloop
  endfacet
  facet normal 0 0 1
    outer loop
      vertex 22.8646 54.7354 60
      vertex 20.3 48.3 60
      vertex 22.8288 54.5926 60
    endloop
  endfacet
  facet normal 0 0 1
    outer loop
      vertex 16.0301 69.6439 60
      vertex 22.8072 72.153 60
      vertex 22.8 72.3 60
    endloop
  endfacet
  facet normal 0 0 1
    outer loop
      vertex 22.8288 54.5926 60
      vertex 20.3 48.3 60
      vertex 22.8072 54.447 60
    endloop
  endfacet
  facet normal -0 0 1
    outer loop
      vertex 25.2516 53.1405 60
      vertex 25.3 48.3 60
      vertex 25.3 53.1844 60
    endloop
  endfacet
  facet normal -0 0 1
    outer loop
      vertex 25.1334 53.0528 60
      vertex 25.3 48.3 60
      vertex 25.2516 53.1405 60
    endloop
  endfacet
  facet normal -0 0 1
    outer loop
      vertex 25.0071 52.9771 60
      vertex 25.3 48.3 60
      vertex 25.1334 53.0528 60
    endloop
  endfacet
  facet normal -0 0 1
    outer loop
      vertex 24.874 52.9142 60
      vertex 25.3 48.3 60
      vertex 25.0071 52.9771 60
    endloop
  endfacet
  facet normal -0 0 1
    outer loop
      vertex 24.7354 52.8646 60
      vertex 25.3 48.3 60
      vertex 24.874 52.9142 60
    endloop
  endfacet
  facet normal -0 0 1
    outer loop
      vertex 24.5926 52.8288 60
      vertex 25.3 48.3 60
      vertex 24.7354 52.8646 60
    endloop
  endfacet
  facet normal -0 0 1
    outer loop
      vertex 24.447 52.8072 60
      vertex 25.3 48.3 60
      vertex 24.5926 52.8288 60
    endloop
  endfacet
  facet normal -0 0 1
    outer loop
      vertex 24.3 52.8 60
      vertex 25.3 48.3 60
      vertex 24.447 52.8072 60
    endloop
  endfacet
  facet normal 0 0 1
    outer loop
      vertex 24.153 52.8072 60
      vertex 25.3 48.3 60
      vertex 24.3 52.8 60
    endloop
  endfacet
  facet normal 0 0 1
    outer loop
      vertex 24.0074 52.8288 60
      vertex 25.3 48.3 60
      vertex 24.153 52.8072 60
    endloop
  endfacet
  facet normal 0 0 1
    outer loop
      vertex 23.8646 52.8646 60
      vertex 25.3 48.3 60
      vertex 24.0074 52.8288 60
    endloop
  endfacet
  facet normal 0 0 1
    outer loop
      vertex 23.726 52.9142 60
      vertex 25.3 48.3 60
      vertex 23.8646 52.8646 60
    endloop
  endfacet
  facet normal 0 0 1
    outer loop
      vertex 20.3 48.3 60
      vertex 23.726 52.9142 60
      vertex 23.5929 52.9771 60
    endloop
  endfacet
  facet normal 0 0 1
    outer loop
      vertex 20.3 48.3 60
      vertex 23.5929 52.9771 60
      vertex 23.4666 53.0528 60
    endloop
  endfacet
  facet normal 0 0 1
    outer loop
      vertex 20.3 48.3 60
      vertex 23.4666 53.0528 60
      vertex 23.3484 53.1405 60
    endloop
  endfacet
  facet normal 0 0 1
    outer loop
      vertex 20.3 48.3 60
      vertex 23.3484 53.1405 60
      vertex 23.2393 53.2393 60
    endloop
  endfacet
  facet normal 0 0 1
    outer loop
      vertex 20.3 48.3 60
      vertex 23.2393 53.2393 60
      vertex 23.1405 53.3484 60
    endloop
  endfacet
  facet normal 0 0 1
    outer loop
      vertex 20.3 48.3 60
      vertex 23.1405 53.3484 60
      vertex 23.0528 53.4666 60
    endloop
  endfacet
  facet normal 0 0 1
    outer loop
      vertex 20.3 48.3 60
      vertex 23.0528 53.4666 60
      vertex 22.9771 53.5929 60
    endloop
  endfacet
  facet normal 0 0 1
    outer loop
      vertex 20.3 48.3 60
      vertex 22.9771 53.5929 60
      vertex 22.9142 53.726 60
    endloop
  endfacet
  facet normal 0 0 1
    outer loop
      vertex 23.726 52.9142 60
      vertex 20.3 48.3 60
      vertex 25.3 48.3 60
    endloop
  endfacet
  facet normal 0 0 1
    outer loop
      vertex 22.8646 53.8646 60
      vertex 20.3 48.3 60
      vertex 22.9142 53.726 60
    endloop
  endfacet
  facet normal 0 0 1
    outer loop
      vertex 22.8288 54.0074 60
      vertex 20.3 48.3 60
      vertex 22.8646 53.8646 60
    endloop
  endfacet
  facet normal 0 0 1
    outer loop
      vertex 22.8072 54.153 60
      vertex 20.3 48.3 60
      vertex 22.8288 54.0074 60
    endloop
  endfacet
  facet normal 0 0 1
    outer loop
      vertex 20.3 48.3 60
      vertex 22.8072 54.153 60
      vertex 22.8 54.3 60
    endloop
  endfacet
  facet normal 0 0 1
    outer loop
      vertex 22.8072 72.153 60
      vertex 18.1079 61.3491 60
      vertex 20.3 48.3 60
    endloop
  endfacet
  facet normal -0 0 1
    outer loop
      vertex 17.8694 60.3972 60
      vertex 20.3 48.3 60
      vertex 18.1079 61.3491 60
    endloop
  endfacet
  facet normal -0 0 1
    outer loop
      vertex 17.5388 59.4732 60
      vertex 20.3 48.3 60
      vertex 17.8694 60.3972 60
    endloop
  endfacet
  facet normal -0 0 1
    outer loop
      vertex 17.1192 58.586 60
      vertex 20.3 48.3 60
      vertex 17.5388 59.4732 60
    endloop
  endfacet
  facet normal -0 0 1
    outer loop
      vertex 16.6147 57.7443 60
      vertex 20.3 48.3 60
      vertex 17.1192 58.586 60
    endloop
  endfacet
  facet normal -0 0 1
    outer loop
      vertex 16.0301 56.9561 60
      vertex 20.3 48.3 60
      vertex 16.6147 57.7443 60
    endloop
  endfacet
  facet normal -0 0 1
    outer loop
      vertex 15.3711 56.2289 60
      vertex 20.3 48.3 60
      vertex 16.0301 56.9561 60
    endloop
  endfacet
  facet normal -0 0 1
    outer loop
      vertex 14.6439 55.5699 60
      vertex 20.3 48.3 60
      vertex 15.3711 56.2289 60
    endloop
  endfacet
  facet normal -0 0 1
    outer loop
      vertex 13.8557 54.9853 60
      vertex 20.3 48.3 60
      vertex 14.6439 55.5699 60
    endloop
  endfacet
  facet normal -0 0 1
    outer loop
      vertex 13.014 54.4808 60
      vertex 20.3 48.3 60
      vertex 13.8557 54.9853 60
    endloop
  endfacet
  facet normal -0 0 1
    outer loop
      vertex 12.1268 54.0612 60
      vertex 20.3 48.3 60
      vertex 13.014 54.4808 60
    endloop
  endfacet
  facet normal -0 0 1
    outer loop
      vertex 11.2028 53.7306 60
      vertex 20.3 48.3 60
      vertex 12.1268 54.0612 60
    endloop
  endfacet
  facet normal -0 0 1
    outer loop
      vertex 10.2509 53.4921 60
      vertex 20.3 48.3 60
      vertex 11.2028 53.7306 60
    endloop
  endfacet
  facet normal -0 0 1
    outer loop
      vertex 9.28017 53.3482 60
      vertex 20.3 48.3 60
      vertex 10.2509 53.4921 60
    endloop
  endfacet
  facet normal -0 0 1
    outer loop
      vertex 8.3 53.3 60
      vertex 20.3 48.3 60
      vertex 9.28017 53.3482 60
    endloop
  endfacet
  facet normal 0 0 1
    outer loop
      vertex 20.3 48.3 60
      vertex 8.3 53.3 60
      vertex -3.7 48.3 60
    endloop
  endfacet
  facet normal 0 0 1
    outer loop
      vertex -3.7 48.3 60
      vertex 8.3 53.3 60
      vertex 7.31983 53.3482 60
    endloop
  endfacet
  facet normal 0 0 1
    outer loop
      vertex -3.7 48.3 60
      vertex 7.31983 53.3482 60
      vertex 6.3491 53.4921 60
    endloop
  endfacet
  facet normal 0 0 1
    outer loop
      vertex -3.7 48.3 60
      vertex 6.3491 53.4921 60
      vertex 5.39715 53.7306 60
    endloop
  endfacet
  facet normal 0 0 1
    outer loop
      vertex -3.7 48.3 60
      vertex 5.39715 53.7306 60
      vertex 4.47317 54.0612 60
    endloop
  endfacet
  facet normal 0 0 1
    outer loop
      vertex -3.7 48.3 60
      vertex 4.47317 54.0612 60
      vertex 3.58603 54.4808 60
    endloop
  endfacet
  facet normal 0 0 1
    outer loop
      vertex -3.7 48.3 60
      vertex 3.58603 54.4808 60
      vertex 2.7443 54.9853 60
    endloop
  endfacet
  facet normal 0 0 1
    outer loop
      vertex -3.7 48.3 60
      vertex 2.7443 54.9853 60
      vertex 1.95607 55.5699 60
    endloop
  endfacet
  facet normal 0 0 1
    outer loop
      vertex -3.7 48.3 60
      vertex 1.95607 55.5699 60
      vertex 1.22893 56.2289 60
    endloop
  endfacet
  facet normal 0 0 1
    outer loop
      vertex -3.7 48.3 60
      vertex 1.22893 56.2289 60
      vertex 0.569895 56.9561 60
    endloop
  endfacet
  facet normal 0 0 1
    outer loop
      vertex -3.7 48.3 60
      vertex 0.569895 56.9561 60
      vertex -0.0146961 57.7443 60
    endloop
  endfacet
  facet normal 0 0 1
    outer loop
      vertex -3.7 48.3 60
      vertex -0.0146961 57.7443 60
      vertex -0.519212 58.586 60
    endloop
  endfacet
  facet normal 0 0 1
    outer loop
      vertex -3.7 48.3 60
      vertex -0.519212 58.586 60
      vertex -0.938795 59.4732 60
    endloop
  endfacet
  facet normal 0 0 1
    outer loop
      vertex -3.7 48.3 60
      vertex -0.938795 59.4732 60
      vertex -1.2694 60.3972 60
    endloop
  endfacet
  facet normal 0 0 1
    outer loop
      vertex -3.7 48.3 60
      vertex -1.65185 62.3198 60
      vertex -1.7 63.3 60
    endloop
  endfacet
  facet normal 0 0 1
    outer loop
      vertex -3.7 48.3 60
      vertex -1.50785 61.3491 60
      vertex -1.65185 62.3198 60
    endloop
  endfacet
  facet normal 0 0 1
    outer loop
      vertex -3.7 48.3 60
      vertex -1.2694 60.3972 60
      vertex -1.50785 61.3491 60
    endloop
  endfacet
  facet normal 0 0 1
    outer loop
      vertex 20.3 48.3 60
      vertex -3.7 48.3 60
      vertex 20.3 0 60
    endloop
  endfacet
  facet normal 0 0 1
    outer loop
      vertex 20.3 0 60
      vertex -3.7 48.3 60
      vertex -3.7 0 60
    endloop
  endfacet
  facet normal 0 0 1
    outer loop
      vertex -1.7 63.3 60
      vertex -6.2 54.3 60
      vertex -3.7 48.3 60
    endloop
  endfacet
  facet normal -0 0 1
    outer loop
      vertex -6.20722 54.153 60
      vertex -3.7 48.3 60
      vertex -6.2 54.3 60
    endloop
  endfacet
  facet normal -0 0 1
    outer loop
      vertex -6.22882 54.0074 60
      vertex -3.7 48.3 60
      vertex -6.20722 54.153 60
    endloop
  endfacet
  facet normal -0 0 1
    outer loop
      vertex -6.26459 53.8646 60
      vertex -3.7 48.3 60
      vertex -6.22882 54.0074 60
    endloop
  endfacet
  facet normal -0 0 1
    outer loop
      vertex -6.31418 53.726 60
      vertex -3.7 48.3 60
      vertex -6.26459 53.8646 60
    endloop
  endfacet
  facet normal -0 0 1
    outer loop
      vertex -6.37712 53.5929 60
      vertex -3.7 48.3 60
      vertex -6.31418 53.726 60
    endloop
  endfacet
  facet normal -0 0 1
    outer loop
      vertex -6.4528 53.4666 60
      vertex -3.7 48.3 60
      vertex -6.37712 53.5929 60
    endloop
  endfacet
  facet normal -0 0 1
    outer loop
      vertex -6.54048 53.3484 60
      vertex -3.7 48.3 60
      vertex -6.4528 53.4666 60
    endloop
  endfacet
  facet normal -0 0 1
    outer loop
      vertex -6.63934 53.2393 60
      vertex -3.7 48.3 60
      vertex -6.54048 53.3484 60
    endloop
  endfacet
  facet normal -0 0 1
    outer loop
      vertex -6.74841 53.1405 60
      vertex -3.7 48.3 60
      vertex -6.63934 53.2393 60
    endloop
  endfacet
  facet normal -0 0 1
    outer loop
      vertex -6.86664 53.0528 60
      vertex -3.7 48.3 60
      vertex -6.74841 53.1405 60
    endloop
  endfacet
  facet normal -0 0 1
    outer loop
      vertex -6.9929 52.9771 60
      vertex -3.7 48.3 60
      vertex -6.86664 53.0528 60
    endloop
  endfacet
  facet normal -0 0 1
    outer loop
      vertex -7.12597 52.9142 60
      vertex -3.7 48.3 60
      vertex -6.9929 52.9771 60
    endloop
  endfacet
  facet normal -0 0 1
    outer loop
      vertex -7.26457 52.8646 60
      vertex -3.7 48.3 60
      vertex -7.12597 52.9142 60
    endloop
  endfacet
  facet normal 0 0 1
    outer loop
      vertex -8.7 48.3 60
      vertex -7.26457 52.8646 60
      vertex -7.40736 52.8288 60
    endloop
  endfacet
  facet normal 0 0 1
    outer loop
      vertex -8.7 48.3 60
      vertex -7.40736 52.8288 60
      vertex -7.55297 52.8072 60
    endloop
  endfacet
  facet normal 0 0 1
    outer loop
      vertex -8.7 48.3 60
      vertex -7.55297 52.8072 60
      vertex -7.7 52.8 60
    endloop
  endfacet
  facet normal 0 0 1
    outer loop
      vertex -8.7 48.3 60
      vertex -7.7 52.8 60
      vertex -7.84702 52.8072 60
    endloop
  endfacet
  facet normal 0 0 1
    outer loop
      vertex -8.7 48.3 60
      vertex -7.84702 52.8072 60
      vertex -7.99263 52.8288 60
    endloop
  endfacet
  facet normal 0 0 1
    outer loop
      vertex -8.7 48.3 60
      vertex -7.99263 52.8288 60
      vertex -8.13543 52.8646 60
    endloop
  endfacet
  facet normal 0 0 1
    outer loop
      vertex -8.7 48.3 60
      vertex -8.13543 52.8646 60
      vertex -8.27402 52.9142 60
    endloop
  endfacet
  facet normal 0 0 1
    outer loop
      vertex -8.7 48.3 60
      vertex -8.27402 52.9142 60
      vertex -8.40709 52.9771 60
    endloop
  endfacet
  facet normal 0 0 1
    outer loop
      vertex -8.7 48.3 60
      vertex -8.40709 52.9771 60
      vertex -8.53335 53.0528 60
    endloop
  endfacet
  facet normal 0 0 1
    outer loop
      vertex -8.7 48.3 60
      vertex -8.53335 53.0528 60
      vertex -8.65159 53.1405 60
    endloop
  endfacet
  facet normal 0 0 1
    outer loop
      vertex -8.7 48.3 60
      vertex -8.65159 53.1405 60
      vertex -8.7 53.1844 60
    endloop
  endfacet
  facet normal 0 0 1
    outer loop
      vertex -7.26457 52.8646 60
      vertex -8.7 48.3 60
      vertex -3.7 48.3 60
    endloop
  endfacet
  facet normal 0 0 -1
    outer loop
      vertex 0 0 0
      vertex 16.6 16.6 0
      vertex 16.6 0 0
    endloop
  endfacet
  facet normal -0 0 -1
    outer loop
      vertex 16.6 16.6 0
      vertex 0 0 0
      vertex 0 16.6 0
    endloop
  endfacet
  facet normal -1 0 0
    outer loop
      vertex 0 0 0
      vertex 0 16.6 55
      vertex 0 16.6 0
    endloop
  endfacet
  facet normal -1 -0 0
    outer loop
      vertex 0 16.6 55
      vertex 0 0 0
      vertex 0 0 55
    endloop
  endfacet
  facet normal 0 1 -0
    outer loop
      vertex 16.6 16.6 0
      vertex 0 16.6 55
      vertex 16.6 16.6 55
    endloop
  endfacet
  facet normal 0 1 0
    outer loop
      vertex 0 16.6 55
      vertex 16.6 16.6 0
      vertex 0 16.6 0
    endloop
  endfacet
  facet normal 0 -1 0
    outer loop
      vertex 0 0 0
      vertex 16.6 0 55
      vertex 0 0 55
    endloop
  endfacet
  facet normal 0 -1 -0
    outer loop
      vertex 16.6 0 55
      vertex 0 0 0
      vertex 16.6 0 0
    endloop
  endfacet
  facet normal 0 -1 0
    outer loop
      vertex 0 0 55
      vertex -3.7 0 60
      vertex -3.7 0 55
    endloop
  endfacet
  facet normal 0 -1 0
    outer loop
      vertex -3.7 0 60
      vertex 0 0 55
      vertex 20.3 0 60
    endloop
  endfacet
  facet normal 0 -1 0
    outer loop
      vertex 16.6 0 55
      vertex 20.3 0 60
      vertex 0 0 55
    endloop
  endfacet
  facet normal 0 -1 -0
    outer loop
      vertex 20.3 0 60
      vertex 16.6 0 55
      vertex 20.3 0 55
    endloop
  endfacet
  facet normal 1 -0 0
    outer loop
      vertex 20.3 0 60
      vertex 20.3 48.3 55
      vertex 20.3 48.3 60
    endloop
  endfacet
  facet normal 1 0 0
    outer loop
      vertex 20.3 48.3 55
      vertex 20.3 0 60
      vertex 20.3 0 55
    endloop
  endfacet
  facet normal -1 0 0
    outer loop
      vertex -3.7 0 55
      vertex -3.7 48.3 60
      vertex -3.7 48.3 55
    endloop
  endfacet
  facet normal -1 -0 0
    outer loop
      vertex -3.7 48.3 60
      vertex -3.7 0 55
      vertex -3.7 0 60
    endloop
  endfacet
  facet normal 1 -0 0
    outer loop
      vertex 25.3 73.4156 60
      vertex 25.3 78.3 55
      vertex 25.3 78.3 60
    endloop
  endfacet
  facet normal 1 0 0
    outer loop
      vertex 25.3 78.3 55
      vertex 25.3 73.4156 60
      vertex 25.3 73.4156 55
    endloop
  endfacet
  facet normal 1 -0 0
    outer loop
      vertex 25.3 48.3 60
      vertex 25.3 53.1844 55
      vertex 25.3 53.1844 60
    endloop
  endfacet
  facet normal 1 0 0
    outer loop
      vertex 25.3 53.1844 55
      vertex 25.3 48.3 60
      vertex 25.3 48.3 55
    endloop
  endfacet
  facet normal 1 -0 0
    outer loop
      vertex 25.3 55.4156 60
      vertex 25.3 71.1844 55
      vertex 25.3 71.1844 60
    endloop
  endfacet
  facet normal 1 0 0
    outer loop
      vertex 25.3 71.1844 55
      vertex 25.3 55.4156 60
      vertex 25.3 55.4156 55
    endloop
  endfacet
  facet normal -1 0 0
    outer loop
      vertex -8.7 73.4156 55
      vertex -8.7 78.3 60
      vertex -8.7 78.3 55
    endloop
  endfacet
  facet normal -1 -0 0
    outer loop
      vertex -8.7 78.3 60
      vertex -8.7 73.4156 55
      vertex -8.7 73.4156 60
    endloop
  endfacet
  facet normal -1 0 0
    outer loop
      vertex -8.7 48.3 55
      vertex -8.7 53.1844 60
      vertex -8.7 53.1844 55
    endloop
  endfacet
  facet normal -1 -0 0
    outer loop
      vertex -8.7 53.1844 60
      vertex -8.7 48.3 55
      vertex -8.7 48.3 60
    endloop
  endfacet
  facet normal -1 0 0
    outer loop
      vertex -8.7 55.4156 55
      vertex -8.7 71.1844 60
      vertex -8.7 71.1844 55
    endloop
  endfacet
  facet normal -1 -0 0
    outer loop
      vertex -8.7 71.1844 60
      vertex -8.7 55.4156 55
      vertex -8.7 55.4156 60
    endloop
  endfacet
  facet normal 0 1 -0
    outer loop
      vertex 25.3 78.3 55
      vertex -8.7 78.3 60
      vertex 25.3 78.3 60
    endloop
  endfacet
  facet normal 0 1 0
    outer loop
      vertex -8.7 78.3 60
      vertex 25.3 78.3 55
      vertex -8.7 78.3 55
    endloop
  endfacet
  facet normal 0 -1 0
    outer loop
      vertex -8.7 48.3 55
      vertex -3.7 48.3 60
      vertex -8.7 48.3 60
    endloop
  endfacet
  facet normal 0 -1 -0
    outer loop
      vertex -3.7 48.3 60
      vertex -8.7 48.3 55
      vertex -3.7 48.3 55
    endloop
  endfacet
  facet normal 0 -1 0
    outer loop
      vertex 20.3 48.3 55
      vertex 25.3 48.3 60
      vertex 20.3 48.3 60
    endloop
  endfacet
  facet normal 0 -1 -0
    outer loop
      vertex 25.3 48.3 60
      vertex 20.3 48.3 55
      vertex 25.3 48.3 55
    endloop
  endfacet
  facet normal -0.98919 -0.146641 0
    outer loop
      vertex 18.2518 64.2802 55
      vertex 18.1079 65.2509 60
      vertex 18.1079 65.2509 55
    endloop
  endfacet
  facet normal -0.98919 -0.146641 0
    outer loop
      vertex 18.1079 65.2509 60
      vertex 18.2518 64.2802 55
      vertex 18.2518 64.2802 60
    endloop
  endfacet
  facet normal -0.998793 -0.0491143 0
    outer loop
      vertex 18.3 63.3 55
      vertex 18.2518 64.2802 60
      vertex 18.2518 64.2802 55
    endloop
  endfacet
  facet normal -0.998793 -0.0491143 0
    outer loop
      vertex 18.2518 64.2802 60
      vertex 18.3 63.3 55
      vertex 18.3 63.3 60
    endloop
  endfacet
  facet normal -0.970023 -0.243015 0
    outer loop
      vertex 18.1079 65.2509 55
      vertex 17.8694 66.2029 60
      vertex 17.8694 66.2029 55
    endloop
  endfacet
  facet normal -0.970023 -0.243015 0
    outer loop
      vertex 17.8694 66.2029 60
      vertex 18.1079 65.2509 55
      vertex 18.1079 65.2509 60
    endloop
  endfacet
  facet normal -0.59572 0.803192 0
    outer loop
      vertex 14.6439 55.5699 55
      vertex 13.8557 54.9853 60
      vertex 14.6439 55.5699 60
    endloop
  endfacet
  facet normal -0.59572 0.803192 0
    outer loop
      vertex 13.8557 54.9853 60
      vertex 14.6439 55.5699 55
      vertex 13.8557 54.9853 55
    endloop
  endfacet
  facet normal 0.803197 -0.595714 0
    outer loop
      vertex -0.0146961 68.8557 60
      vertex 0.569895 69.6439 55
      vertex 0.569895 69.6439 60
    endloop
  endfacet
  facet normal 0.803197 -0.595714 0
    outer loop
      vertex 0.569895 69.6439 55
      vertex -0.0146961 68.8557 60
      vertex -0.0146961 68.8557 55
    endloop
  endfacet
  facet normal 0.857719 -0.514118 0
    outer loop
      vertex -0.519212 68.014 60
      vertex -0.0146961 68.8557 55
      vertex -0.0146961 68.8557 60
    endloop
  endfacet
  facet normal 0.857719 -0.514118 0
    outer loop
      vertex -0.0146961 68.8557 55
      vertex -0.519212 68.014 60
      vertex -0.519212 68.014 55
    endloop
  endfacet
  facet normal 0.740982 -0.671525 0
    outer loop
      vertex 0.569895 69.6439 60
      vertex 1.22893 70.3711 55
      vertex 1.22893 70.3711 60
    endloop
  endfacet
  facet normal 0.740982 -0.671525 0
    outer loop
      vertex 1.22893 70.3711 55
      vertex 0.569895 69.6439 60
      vertex 0.569895 69.6439 55
    endloop
  endfacet
  facet normal 0.336885 0.941546 -0
    outer loop
      vertex 5.39715 53.7306 55
      vertex 4.47317 54.0612 60
      vertex 5.39715 53.7306 60
    endloop
  endfacet
  facet normal 0.336885 0.941546 0
    outer loop
      vertex 4.47317 54.0612 60
      vertex 5.39715 53.7306 55
      vertex 4.47317 54.0612 55
    endloop
  endfacet
  facet normal -0.98919 0.146641 0
    outer loop
      vertex 18.1079 61.3491 55
      vertex 18.2518 62.3198 60
      vertex 18.2518 62.3198 55
    endloop
  endfacet
  facet normal -0.98919 0.146641 0
    outer loop
      vertex 18.2518 62.3198 60
      vertex 18.1079 61.3491 55
      vertex 18.1079 61.3491 60
    endloop
  endfacet
  facet normal 0.970028 0.242991 0
    outer loop
      vertex -1.2694 60.3972 60
      vertex -1.50785 61.3491 55
      vertex -1.50785 61.3491 60
    endloop
  endfacet
  facet normal 0.970028 0.242991 0
    outer loop
      vertex -1.50785 61.3491 55
      vertex -1.2694 60.3972 60
      vertex -1.2694 60.3972 55
    endloop
  endfacet
  facet normal 0.595705 -0.803203 0
    outer loop
      vertex 1.95607 71.0301 55
      vertex 2.7443 71.6147 60
      vertex 1.95607 71.0301 60
    endloop
  endfacet
  facet normal 0.595705 -0.803203 0
    outer loop
      vertex 2.7443 71.6147 60
      vertex 1.95607 71.0301 55
      vertex 2.7443 71.6147 55
    endloop
  endfacet
  facet normal -0.59572 -0.803192 0
    outer loop
      vertex 13.8557 71.6147 55
      vertex 14.6439 71.0301 60
      vertex 13.8557 71.6147 60
    endloop
  endfacet
  facet normal -0.59572 -0.803192 -0
    outer loop
      vertex 14.6439 71.0301 60
      vertex 13.8557 71.6147 55
      vertex 14.6439 71.0301 55
    endloop
  endfacet
  facet normal -0.336879 0.941548 0
    outer loop
      vertex 12.1268 54.0612 55
      vertex 11.2028 53.7306 60
      vertex 12.1268 54.0612 60
    endloop
  endfacet
  facet normal -0.336879 0.941548 0
    outer loop
      vertex 11.2028 53.7306 60
      vertex 12.1268 54.0612 55
      vertex 11.2028 53.7306 55
    endloop
  endfacet
  facet normal 0.514093 -0.857735 0
    outer loop
      vertex 2.7443 71.6147 55
      vertex 3.58603 72.1192 60
      vertex 2.7443 71.6147 60
    endloop
  endfacet
  facet normal 0.514093 -0.857735 0
    outer loop
      vertex 3.58603 72.1192 60
      vertex 2.7443 71.6147 55
      vertex 3.58603 72.1192 55
    endloop
  endfacet
  facet normal 0.989175 0.146741 0
    outer loop
      vertex -1.50785 61.3491 60
      vertex -1.65185 62.3198 55
      vertex -1.65185 62.3198 60
    endloop
  endfacet
  facet normal 0.989175 0.146741 0
    outer loop
      vertex -1.65185 62.3198 55
      vertex -1.50785 61.3491 60
      vertex -1.50785 61.3491 55
    endloop
  endfacet
  facet normal -0.514106 0.857727 0
    outer loop
      vertex 13.8557 54.9853 55
      vertex 13.014 54.4808 60
      vertex 13.8557 54.9853 60
    endloop
  endfacet
  facet normal -0.514106 0.857727 0
    outer loop
      vertex 13.014 54.4808 60
      vertex 13.8557 54.9853 55
      vertex 13.014 54.4808 55
    endloop
  endfacet
  facet normal 0.242931 -0.970044 0
    outer loop
      vertex 5.39715 72.8694 55
      vertex 6.3491 73.1078 60
      vertex 5.39715 72.8694 60
    endloop
  endfacet
  facet normal 0.242931 -0.970044 0
    outer loop
      vertex 6.3491 73.1078 60
      vertex 5.39715 72.8694 55
      vertex 6.3491 73.1078 55
    endloop
  endfacet
  facet normal -0.998793 0.0491143 0
    outer loop
      vertex 18.2518 62.3198 55
      vertex 18.3 63.3 60
      vertex 18.3 63.3 55
    endloop
  endfacet
  facet normal -0.998793 0.0491143 0
    outer loop
      vertex 18.3 63.3 60
      vertex 18.2518 62.3198 55
      vertex 18.2518 62.3198 60
    endloop
  endfacet
  facet normal 0.998796 0.0490635 0
    outer loop
      vertex -1.65185 62.3198 60
      vertex -1.7 63.3 55
      vertex -1.7 63.3 60
    endloop
  endfacet
  facet normal 0.998796 0.0490635 0
    outer loop
      vertex -1.7 63.3 55
      vertex -1.65185 62.3198 60
      vertex -1.65185 62.3198 55
    endloop
  endfacet
  facet normal -0.0491158 0.998793 0
    outer loop
      vertex 9.28017 53.3482 55
      vertex 8.3 53.3 60
      vertex 9.28017 53.3482 60
    endloop
  endfacet
  facet normal -0.0491158 0.998793 0
    outer loop
      vertex 8.3 53.3 60
      vertex 9.28017 53.3482 55
      vertex 8.3 53.3 55
    endloop
  endfacet
  facet normal 0.904002 -0.427529 0
    outer loop
      vertex -0.938795 67.1268 60
      vertex -0.519212 68.014 55
      vertex -0.519212 68.014 60
    endloop
  endfacet
  facet normal 0.904002 -0.427529 0
    outer loop
      vertex -0.519212 68.014 55
      vertex -0.938795 67.1268 60
      vertex -0.938795 67.1268 55
    endloop
  endfacet
  facet normal 0.671536 0.740972 -0
    outer loop
      vertex 1.95607 55.5699 55
      vertex 1.22893 56.2289 60
      vertex 1.95607 55.5699 60
    endloop
  endfacet
  facet normal 0.671536 0.740972 0
    outer loop
      vertex 1.22893 56.2289 60
      vertex 1.95607 55.5699 55
      vertex 1.22893 56.2289 55
    endloop
  endfacet
  facet normal -0.903995 -0.427543 0
    outer loop
      vertex 17.5388 67.1268 55
      vertex 17.1192 68.014 60
      vertex 17.1192 68.014 55
    endloop
  endfacet
  facet normal -0.903995 -0.427543 0
    outer loop
      vertex 17.1192 68.014 60
      vertex 17.5388 67.1268 55
      vertex 17.5388 67.1268 60
    endloop
  endfacet
  facet normal -0.970016 0.243039 0
    outer loop
      vertex 17.8694 60.3972 55
      vertex 18.1079 61.3491 60
      vertex 18.1079 61.3491 55
    endloop
  endfacet
  facet normal -0.970016 0.243039 0
    outer loop
      vertex 18.1079 61.3491 60
      vertex 17.8694 60.3972 55
      vertex 17.8694 60.3972 60
    endloop
  endfacet
  facet normal -0.741 -0.671505 0
    outer loop
      vertex 16.0301 69.6439 55
      vertex 15.3711 70.3711 60
      vertex 15.3711 70.3711 55
    endloop
  endfacet
  facet normal -0.741 -0.671505 0
    outer loop
      vertex 15.3711 70.3711 60
      vertex 16.0301 69.6439 55
      vertex 16.0301 69.6439 60
    endloop
  endfacet
  facet normal -0.427543 -0.903995 0
    outer loop
      vertex 12.1268 72.5388 55
      vertex 13.014 72.1192 60
      vertex 12.1268 72.5388 60
    endloop
  endfacet
  facet normal -0.427543 -0.903995 -0
    outer loop
      vertex 13.014 72.1192 60
      vertex 12.1268 72.5388 55
      vertex 13.014 72.1192 55
    endloop
  endfacet
  facet normal 0.803197 0.595714 0
    outer loop
      vertex 0.569895 56.9561 60
      vertex -0.0146961 57.7443 55
      vertex -0.0146961 57.7443 60
    endloop
  endfacet
  facet normal 0.803197 0.595714 0
    outer loop
      vertex -0.0146961 57.7443 55
      vertex 0.569895 56.9561 60
      vertex 0.569895 56.9561 55
    endloop
  endfacet
  facet normal -0.146637 0.98919 0
    outer loop
      vertex 10.2509 53.4921 55
      vertex 9.28017 53.3482 60
      vertex 10.2509 53.4921 60
    endloop
  endfacet
  facet normal -0.146637 0.98919 0
    outer loop
      vertex 9.28017 53.3482 60
      vertex 10.2509 53.4921 55
      vertex 9.28017 53.3482 55
    endloop
  endfacet
  facet normal -0.514106 -0.857727 0
    outer loop
      vertex 13.014 72.1192 55
      vertex 13.8557 71.6147 60
      vertex 13.014 72.1192 60
    endloop
  endfacet
  facet normal -0.514106 -0.857727 -0
    outer loop
      vertex 13.8557 71.6147 60
      vertex 13.014 72.1192 55
      vertex 13.8557 71.6147 55
    endloop
  endfacet
  facet normal 0.336885 -0.941546 0
    outer loop
      vertex 4.47317 72.5388 55
      vertex 5.39715 72.8694 60
      vertex 4.47317 72.5388 60
    endloop
  endfacet
  facet normal 0.336885 -0.941546 0
    outer loop
      vertex 5.39715 72.8694 60
      vertex 4.47317 72.5388 55
      vertex 5.39715 72.8694 55
    endloop
  endfacet
  facet normal 0.941546 0.336883 0
    outer loop
      vertex -0.938795 59.4732 60
      vertex -1.2694 60.3972 55
      vertex -1.2694 60.3972 60
    endloop
  endfacet
  facet normal 0.941546 0.336883 0
    outer loop
      vertex -1.2694 60.3972 55
      vertex -0.938795 59.4732 60
      vertex -0.938795 59.4732 55
    endloop
  endfacet
  facet normal -0.941548 0.336879 0
    outer loop
      vertex 17.5388 59.4732 55
      vertex 17.8694 60.3972 60
      vertex 17.8694 60.3972 55
    endloop
  endfacet
  facet normal -0.941548 0.336879 0
    outer loop
      vertex 17.8694 60.3972 60
      vertex 17.5388 59.4732 55
      vertex 17.5388 59.4732 60
    endloop
  endfacet
  facet normal -0.803192 -0.59572 0
    outer loop
      vertex 16.6147 68.8557 55
      vertex 16.0301 69.6439 60
      vertex 16.0301 69.6439 55
    endloop
  endfacet
  facet normal -0.803192 -0.59572 0
    outer loop
      vertex 16.0301 69.6439 60
      vertex 16.6147 68.8557 55
      vertex 16.6147 68.8557 60
    endloop
  endfacet
  facet normal -0.903995 0.427543 0
    outer loop
      vertex 17.1192 58.586 55
      vertex 17.5388 59.4732 60
      vertex 17.5388 59.4732 55
    endloop
  endfacet
  facet normal -0.903995 0.427543 0
    outer loop
      vertex 17.5388 59.4732 60
      vertex 17.1192 58.586 55
      vertex 17.1192 58.586 60
    endloop
  endfacet
  facet normal -0.427543 0.903995 0
    outer loop
      vertex 13.014 54.4808 55
      vertex 12.1268 54.0612 60
      vertex 13.014 54.4808 60
    endloop
  endfacet
  facet normal -0.427543 0.903995 0
    outer loop
      vertex 12.1268 54.0612 60
      vertex 13.014 54.4808 55
      vertex 12.1268 54.0612 55
    endloop
  endfacet
  facet normal -0.803192 0.59572 0
    outer loop
      vertex 16.0301 56.9561 55
      vertex 16.6147 57.7443 60
      vertex 16.6147 57.7443 55
    endloop
  endfacet
  facet normal -0.803192 0.59572 0
    outer loop
      vertex 16.6147 57.7443 60
      vertex 16.0301 56.9561 55
      vertex 16.0301 56.9561 60
    endloop
  endfacet
  facet normal 0.146637 0.98919 -0
    outer loop
      vertex 7.31983 53.3482 55
      vertex 6.3491 53.4921 60
      vertex 7.31983 53.3482 60
    endloop
  endfacet
  facet normal 0.146637 0.98919 0
    outer loop
      vertex 6.3491 53.4921 60
      vertex 7.31983 53.3482 55
      vertex 6.3491 53.4921 55
    endloop
  endfacet
  facet normal -0.741 0.671505 0
    outer loop
      vertex 15.3711 56.2289 55
      vertex 16.0301 56.9561 60
      vertex 16.0301 56.9561 55
    endloop
  endfacet
  facet normal -0.741 0.671505 0
    outer loop
      vertex 16.0301 56.9561 60
      vertex 15.3711 56.2289 55
      vertex 15.3711 56.2289 60
    endloop
  endfacet
  facet normal 0.904002 0.427529 0
    outer loop
      vertex -0.519212 58.586 60
      vertex -0.938795 59.4732 55
      vertex -0.938795 59.4732 60
    endloop
  endfacet
  facet normal 0.904002 0.427529 0
    outer loop
      vertex -0.938795 59.4732 55
      vertex -0.519212 58.586 60
      vertex -0.519212 58.586 55
    endloop
  endfacet
  facet normal 0.0491158 0.998793 -0
    outer loop
      vertex 8.3 53.3 55
      vertex 7.31983 53.3482 60
      vertex 8.3 53.3 60
    endloop
  endfacet
  facet normal 0.0491158 0.998793 0
    outer loop
      vertex 7.31983 53.3482 60
      vertex 8.3 53.3 55
      vertex 7.31983 53.3482 55
    endloop
  endfacet
  facet normal 0.427567 -0.903984 0
    outer loop
      vertex 3.58603 72.1192 55
      vertex 4.47317 72.5388 60
      vertex 3.58603 72.1192 60
    endloop
  endfacet
  facet normal 0.427567 -0.903984 0
    outer loop
      vertex 4.47317 72.5388 60
      vertex 3.58603 72.1192 55
      vertex 4.47317 72.5388 55
    endloop
  endfacet
  facet normal -0.857727 0.514106 0
    outer loop
      vertex 16.6147 57.7443 55
      vertex 17.1192 58.586 60
      vertex 17.1192 58.586 55
    endloop
  endfacet
  facet normal -0.857727 0.514106 0
    outer loop
      vertex 17.1192 58.586 60
      vertex 16.6147 57.7443 55
      vertex 16.6147 57.7443 60
    endloop
  endfacet
  facet normal 0.941535 -0.336915 0
    outer loop
      vertex -1.2694 66.2029 60
      vertex -0.938795 67.1268 55
      vertex -0.938795 67.1268 60
    endloop
  endfacet
  facet normal 0.941535 -0.336915 0
    outer loop
      vertex -0.938795 67.1268 55
      vertex -1.2694 66.2029 60
      vertex -1.2694 66.2029 55
    endloop
  endfacet
  facet normal -0.0491158 -0.998793 0
    outer loop
      vertex 8.3 73.3 55
      vertex 9.28017 73.2518 60
      vertex 8.3 73.3 60
    endloop
  endfacet
  facet normal -0.0491158 -0.998793 -0
    outer loop
      vertex 9.28017 73.2518 60
      vertex 8.3 73.3 55
      vertex 9.28017 73.2518 55
    endloop
  endfacet
  facet normal -0.941537 -0.336911 0
    outer loop
      vertex 17.8694 66.2029 55
      vertex 17.5388 67.1268 60
      vertex 17.5388 67.1268 55
    endloop
  endfacet
  facet normal -0.941537 -0.336911 0
    outer loop
      vertex 17.5388 67.1268 60
      vertex 17.8694 66.2029 55
      vertex 17.8694 66.2029 60
    endloop
  endfacet
  facet normal 0.0491158 -0.998793 0
    outer loop
      vertex 7.31983 73.2518 55
      vertex 8.3 73.3 60
      vertex 7.31983 73.2518 60
    endloop
  endfacet
  facet normal 0.0491158 -0.998793 0
    outer loop
      vertex 8.3 73.3 60
      vertex 7.31983 73.2518 55
      vertex 8.3 73.3 55
    endloop
  endfacet
  facet normal -0.857727 -0.514106 0
    outer loop
      vertex 17.1192 68.014 55
      vertex 16.6147 68.8557 60
      vertex 16.6147 68.8557 55
    endloop
  endfacet
  facet normal -0.857727 -0.514106 0
    outer loop
      vertex 16.6147 68.8557 60
      vertex 17.1192 68.014 55
      vertex 17.1192 68.014 60
    endloop
  endfacet
  facet normal -0.336879 -0.941548 0
    outer loop
      vertex 11.2028 72.8694 55
      vertex 12.1268 72.5388 60
      vertex 11.2028 72.8694 60
    endloop
  endfacet
  facet normal -0.336879 -0.941548 -0
    outer loop
      vertex 12.1268 72.5388 60
      vertex 11.2028 72.8694 55
      vertex 12.1268 72.5388 55
    endloop
  endfacet
  facet normal 0.671536 -0.740972 0
    outer loop
      vertex 1.22893 70.3711 55
      vertex 1.95607 71.0301 60
      vertex 1.22893 70.3711 60
    endloop
  endfacet
  facet normal 0.671536 -0.740972 0
    outer loop
      vertex 1.95607 71.0301 60
      vertex 1.22893 70.3711 55
      vertex 1.95607 71.0301 55
    endloop
  endfacet
  facet normal 0.427567 0.903984 -0
    outer loop
      vertex 4.47317 54.0612 55
      vertex 3.58603 54.4808 60
      vertex 4.47317 54.0612 60
    endloop
  endfacet
  facet normal 0.427567 0.903984 0
    outer loop
      vertex 3.58603 54.4808 60
      vertex 4.47317 54.0612 55
      vertex 3.58603 54.4808 55
    endloop
  endfacet
  facet normal -0.146736 -0.989176 0
    outer loop
      vertex 9.28017 73.2518 55
      vertex 10.2509 73.1078 60
      vertex 9.28017 73.2518 60
    endloop
  endfacet
  facet normal -0.146736 -0.989176 -0
    outer loop
      vertex 10.2509 73.1078 60
      vertex 9.28017 73.2518 55
      vertex 10.2509 73.1078 55
    endloop
  endfacet
  facet normal 0.989175 -0.146741 0
    outer loop
      vertex -1.65185 64.2802 60
      vertex -1.50785 65.2509 55
      vertex -1.50785 65.2509 60
    endloop
  endfacet
  facet normal 0.989175 -0.146741 0
    outer loop
      vertex -1.50785 65.2509 55
      vertex -1.65185 64.2802 60
      vertex -1.65185 64.2802 55
    endloop
  endfacet
  facet normal 0.998796 -0.0490635 0
    outer loop
      vertex -1.7 63.3 60
      vertex -1.65185 64.2802 55
      vertex -1.65185 64.2802 60
    endloop
  endfacet
  facet normal 0.998796 -0.0490635 0
    outer loop
      vertex -1.65185 64.2802 55
      vertex -1.7 63.3 60
      vertex -1.7 63.3 55
    endloop
  endfacet
  facet normal 0.146736 -0.989176 0
    outer loop
      vertex 6.3491 73.1078 55
      vertex 7.31983 73.2518 60
      vertex 6.3491 73.1078 60
    endloop
  endfacet
  facet normal 0.146736 -0.989176 0
    outer loop
      vertex 7.31983 73.2518 60
      vertex 6.3491 73.1078 55
      vertex 7.31983 73.2518 55
    endloop
  endfacet
  facet normal -0.243039 0.970016 0
    outer loop
      vertex 11.2028 53.7306 55
      vertex 10.2509 53.4921 60
      vertex 11.2028 53.7306 60
    endloop
  endfacet
  facet normal -0.243039 0.970016 0
    outer loop
      vertex 10.2509 53.4921 60
      vertex 11.2028 53.7306 55
      vertex 10.2509 53.4921 55
    endloop
  endfacet
  facet normal -0.671505 -0.741 0
    outer loop
      vertex 14.6439 71.0301 55
      vertex 15.3711 70.3711 60
      vertex 14.6439 71.0301 60
    endloop
  endfacet
  facet normal -0.671505 -0.741 -0
    outer loop
      vertex 15.3711 70.3711 60
      vertex 14.6439 71.0301 55
      vertex 15.3711 70.3711 55
    endloop
  endfacet
  facet normal 0.740982 0.671525 0
    outer loop
      vertex 1.22893 56.2289 60
      vertex 0.569895 56.9561 55
      vertex 0.569895 56.9561 60
    endloop
  endfacet
  facet normal 0.740982 0.671525 0
    outer loop
      vertex 0.569895 56.9561 55
      vertex 1.22893 56.2289 60
      vertex 1.22893 56.2289 55
    endloop
  endfacet
  facet normal 0.970035 -0.242967 0
    outer loop
      vertex -1.50785 65.2509 60
      vertex -1.2694 66.2029 55
      vertex -1.2694 66.2029 60
    endloop
  endfacet
  facet normal 0.970035 -0.242967 0
    outer loop
      vertex -1.2694 66.2029 55
      vertex -1.50785 65.2509 60
      vertex -1.50785 65.2509 55
    endloop
  endfacet
  facet normal -0.242943 -0.970041 0
    outer loop
      vertex 10.2509 73.1078 55
      vertex 11.2028 72.8694 60
      vertex 10.2509 73.1078 60
    endloop
  endfacet
  facet normal -0.242943 -0.970041 -0
    outer loop
      vertex 11.2028 72.8694 60
      vertex 10.2509 73.1078 55
      vertex 11.2028 72.8694 55
    endloop
  endfacet
  facet normal 0.595705 0.803203 -0
    outer loop
      vertex 2.7443 54.9853 55
      vertex 1.95607 55.5699 60
      vertex 2.7443 54.9853 60
    endloop
  endfacet
  facet normal 0.595705 0.803203 0
    outer loop
      vertex 1.95607 55.5699 60
      vertex 2.7443 54.9853 55
      vertex 1.95607 55.5699 55
    endloop
  endfacet
  facet normal 0.243027 0.970019 -0
    outer loop
      vertex 6.3491 53.4921 55
      vertex 5.39715 53.7306 60
      vertex 6.3491 53.4921 60
    endloop
  endfacet
  facet normal 0.243027 0.970019 0
    outer loop
      vertex 5.39715 53.7306 60
      vertex 6.3491 53.4921 55
      vertex 5.39715 53.7306 55
    endloop
  endfacet
  facet normal 0.857719 0.514118 0
    outer loop
      vertex -0.0146961 57.7443 60
      vertex -0.519212 58.586 55
      vertex -0.519212 58.586 60
    endloop
  endfacet
  facet normal 0.857719 0.514118 0
    outer loop
      vertex -0.519212 58.586 55
      vertex -0.0146961 57.7443 60
      vertex -0.0146961 57.7443 55
    endloop
  endfacet
  facet normal 0.514093 0.857735 -0
    outer loop
      vertex 3.58603 54.4808 55
      vertex 2.7443 54.9853 60
      vertex 3.58603 54.4808 60
    endloop
  endfacet
  facet normal 0.514093 0.857735 0
    outer loop
      vertex 2.7443 54.9853 60
      vertex 3.58603 54.4808 55
      vertex 2.7443 54.9853 55
    endloop
  endfacet
  facet normal -0.671505 0.741 0
    outer loop
      vertex 15.3711 56.2289 55
      vertex 14.6439 55.5699 60
      vertex 15.3711 56.2289 60
    endloop
  endfacet
  facet normal -0.671505 0.741 0
    outer loop
      vertex 14.6439 55.5699 60
      vertex 15.3711 56.2289 55
      vertex 14.6439 55.5699 55
    endloop
  endfacet
endsolid OpenSCAD_Model
